key,English,Assamese,Bengali,Bhojpuri,Gujarati,Haryanvi,Hindi,Kannada,Malayalam,Marathi,Telugu,Odia,Punjabi,Rajasthani,Tamil,Urdu,
app_name,livestream,লাইভষ্ট্ৰীম,লাইভস্ট্রিম ,लाइव स्ट्रीम,લાઇવ સ્ટ્રીમ,लाइव स्ट्रीम,लाइव स्ट्रीम,ಲೈವ್ ಸ್ಟ್ರೀಮ್,ലൈവ് സ്ട്രീം ,लाईव्हस्ट्रीम,లైవ్​స్ట్రీమ్​,ଲାଇଭଷ୍ଟ୍ରୀମ୍,ਲਾਈਵ ਸਟ੍ਰੀਮ ,लाइव स्ट्रीम ,லைவ்ஸ்ட்ரீம் ,لائیو سٹریم,
add_keywords,"Add Keyword1, keyword2, ...","কীৱৰ্ড 1, কীৱৰ্ড 2, ...এড কৰক ","কীওয়ার্ড 1, কীওয়ার্ড 2 অ্যাড করুন  ","कीवर्ड 1, कीवर्ड 2,... जोड़ीं","કીવર્ડ 1, કીવર્ડ 2,... ઉમેરો","कीवर्ड 1, कीवर्ड 2,... जोड़ो ","कीवर्ड 1, कीवर्ड 2,... जोड़ें","ಕೀವರ್ಡ್ 1, ಕೀವರ್ಡ್ 2, ... ಸೇರಿಸಿ"," കീവേഡ് 1, കീവേഡ് 2, ആഡ് ചെയ്യൂ","Keyword1, keyword2,, ... ॲड करा ","కీవర్డ్​ 1, కీవర్డ్ 2,... జోడించండి","Keyword1, keyword2, ... ଆଡ୍‌ କରନ୍ତୁ","ਕੀਵਰਡ1, ਕੀਵਰਡ2, ... ਸ਼ਾਮਲ ਕਰੋ","कीवर्ड 1, कीवर्ड 2,...जोड़ो  ","சேர்க்கவும் Keyword1, keyword2..",Keyword1، keyword2،... شامل کریں,
comments_filter,Comment Filters,কমেণ্ট ফিল্টাৰ,কমেন্ট ফিল্টার,कमेंट फिल्टर्स ,કમેન્ટ ફિલ્ટર્સ,कमेंट फिल्टर्स ,कमेंट फिल्टर्स ,ಕಾಮೆಂಟ್ ಫಿಲ್ಟರ್ಸ್,കമന്റ് ഫിൽറ്റേഴ്സ് ,कमेंट फिल्टर्स,కామెంట్ ఫిల్టర్స్​,କମେଣ୍ଟ ଫିଲ୍ଟର୍ସ,ਕਮੈਂਟ ਫਿਲਟਰ,कमेंट फिल्टर्स ,கமெண்ட் ஃபில்ட்டர்ஸ் ,کمنٹ فلٹرز,
comments_filter_desc1,We will automatically hide spam or offensive chats in your livestream.,আপোনাৰ লাইভষ্ট্ৰীমৰ স্পাম বা আপত্তিজনক চাট আমি নিজেই হাইড কৰি দিম,আপনার লাইভস্ট্রিমে স্প্যাম বা আপত্তিকর চ্যাট আমরা নিজের থেকেই হাইড করে দেব ,हमनी जा राउर लाइवस्ट्रीम में स्पैम या आपत्तिजनक चैट के खुद से ही हाइड कर देहेम जा।,અમે તમારા લાઇવસ્ટ્રીમમાંથી આપમેળે સ્પામ અથવા અપમાનજનક ચેટ્સ હાઈડ કરી દઇશું.,हम थारी लाइवस्ट्रीम मै स्पैम या आपत्तिजनक चैट नै खुद ही हाइड कर देवैंगे।,हम आपकी लाइवस्ट्रीम में स्पैम या आपत्तिजनक चैट को खुद से ही हाइड कर देंगे।,ನಿಮ್ಮ ಲೈವ್‌ಸ್ಟ್ರೀಮ್‌ನಲ್ಲಿ ನಾವು ಸ್ಪ್ಯಾಮ್ ಅಥವಾ ಆಕ್ಷೇಪಾರ್ಹ ಚಾಟ್‌ಗಳನ್ನು ಸ್ವಯಂಚಾಲಿತವಾಗಿ ಮರೆಮಾಡುತ್ತೇವೆ.,നിങ്ങളുടെ ലൈവ് സ്ട്രീമിലുള്ള സ്പാം അല്ലെങ്കിൽ ഒഫൻസീവ് ചാറ്റുകളും ഓട്ടോമാറ്റിക്കായി ഹൈഡ് ആകും!,आम्ही तुमच्या लाईव्हस्ट्रीममधील स्पॅम किंवा आक्षेपार्ह चॅट स्वतःहूनच लपवू.,"మీ లైవ్​స్ట్రీమ్​లో స్పామ్​, అసభ్యకరమైన కామెంట్స్​ను ఆటోమేటిక్​గా హైడ్​ చేస్తాము",ଆମେ ସ୍ବୟଂଚାଳିତ ଭାବେ ସ୍ପାମ୍‌ ବା ଅଶ୍ଳୀଳ ଚାଟ୍‌ ଆପଣଙ୍କ ଲାଇଭଷ୍ଟ୍ରୀମ୍‌ରୁ ହଟାଇଦେବୁ,ਅਸੀਂ ਤੁਹਾਡੀ ਲਾਈਵਸਟ੍ਰੀਮ ਵਿੱਚ ਸਪੈਮ ਜਾਂ ਅਪਮਾਨਜਨਕ ਚੈਟ ਨੂੰ ਆਪਣੇ ਆਪ ਹਾਈਡ ਕਰ ਦੇਵਾਂਗੇ।,म्हे आपरी लाइवस्ट्रीम में स्पैम या आपत्तिजनक चैट ने ऑटोमेटिक ही हाईड करे देंआं।,உங்கள் லைவ்ஸ்ட்ரீமில் ஸ்பேம் அல்லது தவறான சாட்களை  நாங்கள் தானாகவே மறைப்போம்.,ہم خود بخود آپ کے لائیو اسٹریم میں اسپیم یا جارحانہ چیٹس کو چھپا دیں گے,
comments_filter_desc2,"You can also create your own list of words, phrases, and emojis that you would like to be hidden in your livestream comments by adding them below (Max -100)","আপুনি নিজেও সেই বিশেষ শব্দ, বাক্য আৰু ইমোজিৰ এখন তালিকা ক্ৰিয়েট কৰিব পাৰে, যিবোৰ আপোনাৰ লাইভষ্ট্ৰীম কমেণ্ট শাখাত হাইড হৈ থকাটো বিচাৰে (সৰ্বাধিক -100)  ","এছাড়াও আপনি নিজেও আপনার নিজের শব্দ, বাক্যাংশ এবং ইমোজিগুলির তালিকা তৈরি করতে পারেন যা আপনি নীচে অ্যাড করে আপনার লাইভস্ট্রিম কমেন্টে হাইড করে রাখতে চান (সর্বোচ্চ -100)","रउवा उ शब्द, वाक्यांश अउर इमोजी के आपन लिस्ट भी बना सकेनी जेकरा के रउवा नीचे आपन लाइवस्ट्रीम कमेंट्स में हाइड करके रखल चाहत बानी (अधिकतम -100)","તમે તમારી લાઇવસ્ટ્રીમ કમેન્ટમાંથી છૂપાવવા માંગતા હોવ તેવા શબ્દો, લખાણ અને ઇમોજીસની તમારી પોતાની લીસ્ટ પણ બનાવી શકો છો જેને તમે નીચેથી ઉમેરી શકો છો (મહત્તમ -100)","थाम उन शब्दों, वाक्यांशों अर इमोजी की आपणी लिस्ट भी बणा सको सो जिन्हें थाम नीचे आपणे लाइवस्ट्रीम कमेंट्स मै हाइड करकै रखणा चाहो सो (ज्यादा तै ज्यादा -100)","आप उन शब्दों, वाक्यांशों और इमोजी की अपनी लिस्ट भी बना सकते हैं जिन्हें आप नीचे अपने लाइवस्ट्रीम कमेंट्स में हाइड करके रखना चाहते हैं (अधिकतम -100)","ನಿಮ್ಮ ಲೈವ್‌ಸ್ಟ್ರೀಮ್ ಕಾಮೆಂಟ್‌ಗಳಲ್ಲಿ (-100 ವರೆಗೆ) ನೀವು ಮರೆಮಾಡಲು ಬಯಸುವ ಪದಗಳು, ನುಡಿಗಟ್ಟುಗಳು ಮತ್ತು ಇಮೋಜಿಗಳನ್ನು ಸೇರಿಸುವ ಮೂಲಕ ನಿಮ್ಮ ಸ್ವಂತ ಪಟ್ಟಿಯನ್ನು ನೀವು ಕೆಳಗೆ ರಚಿಸಬಹುದು.","നിങ്ങളുടെ ലൈവ് സ്ട്രീം കമന്റുകളിൽ ഹൈഡ് ചെയ്യണം എന്നാഗ്രഹമുള്ള വാക്കുകൾ, ഫ്രേസസ്, ഇമോജികൾ എന്നിവ നിങ്ങൾക്ക് ലിസ്റ്റ് ചെയ്തിടാവുന്നതാണ്. (മാക്സ്- 100)","तुम्ही तुमच्या खाली दिलेल्या लाईव्हस्ट्रीम कमेंटमध्ये लपवू इच्छित असलेले शब्द, वाक्ये आणि इमोजींची तुमची स्वतःची लिस्ट देखील तयार करू शकता (कमाल -100)","మీరు మీ లైవ్ స్ట్రీమ్ చాట్​లో హైడ్ చేయాలనుకున్న పదాలు, ప్యారాలు, ఎమోజీల జాబితాను మీరు సొంతంగా క్రియేట్ చేసి దిగువన జోడించవచ్చు. (గరిష్టంగా -100)","ଆପଣ ନିଜର ଶବ୍ଦ, ଫ୍ରେଜ୍ ଏବଂ ଇମୋଜିର ନିଜସ୍ୱ ତାଲିକା ମଧ୍ୟ କ୍ରିଏଟ୍‌  କରିପାରିବେ, ଯାହାକୁ ଆପଣ ଆଡ୍ କରି ଆପଣଙ୍କର ଲାଇଭଷ୍ଟ୍ରୀମ୍ କମେଣ୍ଟରେ ହାଇଡ୍ ହେବାକୁ ଚାହୁଁଥିବେ (ସର୍ବାଧିକ -100)।","ਤੁਸੀਂ ਉਨ੍ਹਾਂ ਸ਼ਬਦਾਂ, ਵਾਕਾਂਸ਼ਾਂ ਅਤੇ ਇਮੋਜੀਸ ਦੀ ਆਪਣੀ ਖ਼ੁਦ ਦੀ ਲਿਸਟ ਬਣਾ ਸਕਦੇ ਹੋ ਜੋ ਤੁਸੀਂ ਹੇਠਾਂ ਆਪਣੇ ਲਾਈਵਸਟ੍ਰੀਮ ਕਮੈਂਟਸ ਵਿੱਚ ਹਾਈਡ ਕਰਕੇ ਰੱਖਣਾ ਚਾਹੁੰਦੇ ਹੋ (ਅਧਿਕਤਮ -100)","आप वा शब्दां, वाक्यांश और इमोजी री आपरी सूची भी बणा सको हो जिन्हें आप नीचे आपरी लाइवस्ट्रीम कमेंट्स में हाईड करके राखबो चाहो हो (अधिकतम -100)","உங்கள் லைவ்ஸ்ட்ரீம் கமெண்ட்களில் மறைக்க விரும்பும் வார்த்தைகள், சொற்றொடர்கள் மற்றும் எமோஜிகளை கீழே இணைத்து உங்கள் பட்டியலை நீங்களே உருவாக்கலாம் (அதிகபட்சம் -100)",آپ ان الفاظ، فقروں اور ایموجیز کی اپنی فہرست بھی بنا سکتے ہیں، جنہیں آپ اپنے لائیو اسٹریم کمنٹس میں نیچے شامل کر کے چھپانا چاہیں گے (زیادہ سے زیادہ -100),
add,Add ,এড কৰক,অ্যাড,जोड़ीं,ઉમેરો,जोड़ो,जोड़ें,ಸೇರಿಸಿ,ആഡ്,ॲड,జోడించండి,ଆଡ୍‌ କରନ୍ତୁ,ਸ਼ਾਮਲ ਕਰੋ,जोड़ो ,இணை ,شامل کریں,
mention,Mention in comment/Reply,কমেণ্টত মেনচন কৰক/ৰিপ্লাই কৰক,কমেন্ট/রিপ্লাইয়ে মেনশন,कमेंट में मेंशन करीं/जवाब,કમેન્ટમાં ઉલ્લેખ કરો/રીપ્લાય કરો,कमेंट मै मेंशन करो/जवाब दो,कमेंट में मेंशन करें/जवाब,ಕಾಮೆಂಟ್/ರಿಪ್ಲೈ ಉಲ್ಲೇಖಿಸಿ,കമന്റിൽ/റിപ്ലൈയിൽ മെൻഷൻ ചെയ്യൂ,कमेंटमध्ये मेन्शन करा/रिप्लाय द्या ,కామెంట్/రిఫ్లైలో పేర్కొనండి,କମେଣ୍ଟ / ରିପ୍ଲାଇରେ ଉଲ୍ଲେଖ କରନ୍ତୁ,ਕਮੈਂਟ ਵਿੱਚ ਮੈਂਸ਼ਨ ਕਰੋ/ਜਵਾਬ,कमेंट में मेंशन करो/ जवाब दो  ,கமெண்ட் / ரிப்லேயில் குறிப்பிடவும் ,کمنٹ/جواب میں ذکر کریں,
pin_comment,Pin the comment,কমেণ্ট পিন কৰক,কমেন্ট পিন করুন ,कमेंट पिन करीं,કમેન્ટ પીન કરો,कमेंट पिन करो,कमेंट पिन करें,ಕಾಮೆಂಟ್ ಪಿನ್ ಮಾಡಿ,കമന്റ് പിൻ  ചെയ്യൂ,कमेंट पिन करा,కామెంట్ పిన్ చేయండి,କମେଣ୍ଟକୁ ପିନ୍ କରନ୍ତୁ,ਕਮੈਂਟ ਪਿੰਨ ਕਰੋ,कमेंट पिन करो ,கமெண்டை  பின் செய்யவும் ,کمنٹ کو پِن کریں,
unpin_comment,Unpin the comment,কমেণ্ট আনপিন কৰক,কমেন্ট আনপিন করুন ,कमेंट के अनपिन करीं,કમેન્ટ અનપીન કરો,कमेंट नै अनपिन करो,कमेंट को अनपिन करें,ಕಾಮೆಂಟ್ ಅನ್‌ಪಿನ್ ಮಾಡಿ,കമന്റ് അൺപിൻ  ചെയ്യൂ,कमेंटला अनपिन करा,కామెంట్ అన్​పిన్ చేయండి,କମେଣ୍ଟକୁ ଅନପିନ୍ କରନ୍ତୁ,ਕਮੈਂਟ ਅਨਪਿੰਨ ਕਰੋ,कमेंट अनपिन करो  ,கமெண்டை பின் செய்ய வேண்டாம் ,کمنٹ کو اَن پِن کریں,ِ
add_to_live,Add to Live streaming,লাইভ ষ্ট্ৰীমিঙত এড কৰক,লাভ স্ট্রিমিংয়ে অ্যাড করুন ,लाइव स्ट्रीमिंग में जोड़ीं,લાઇવ સ્ટ્રીમિંગમાં ઉમેરો,लाइव स्ट्रीमिंग मै जोड़ो,लाइव स्ट्रीमिंग में जोड़ें,"
ಲೈವ್ ಸ್ಟ್ರೀಮಿಂಗ್‌ಗೆ ಸೇರಿಸಿ",ലൈവ് സ്ട്രീമിൽ ആഡ്  ചെയ്യൂ,लाईव्ह स्ट्रीमिंग ॲड करा,లైవ్ స్ట్రీమింగ్​కు జోడించండి,ଲାଇଭଷ୍ଟ୍ରୀମିଂରେ ଯୋଡ଼ନ୍ତୁ,ਲਾਈਵ ਸਟ੍ਰੀਮਿੰਗ ਵਿੱਚ ਸ਼ਾਮਲ ਕਰੋ,लाइव स्ट्रीमिंग में जोड़ो ,லைவ் ஸ்ட்ரீமிங்கில் இணைக்கவும் ,لائیو سٹریمنگ میں شامل کریں,
report_comment,Report this comment,এই কমেণ্টটোত ৰিপোৰ্ট কৰক,কমেন্ট রিপোর্ট করুন ,इ कमेंट्स के रिपोर्ट करीं,આ કમેન્ટને રિપોર્ટ કરો,इस कमेंट्स की रिपोर्ट करो,इस कमेंट्स की रिपोर्ट करें,ಈ ಕಾಮೆಂಟ್ ಅನ್ನು ರಿಪೋರ್ಟ್ ಮಾಡಿ,ഈ കമന്റ് റിപ്പോർട്ട് ചെയ്യൂ,ह्या कमेंटला रिपोर्ट करा,ఈ కామెంట్​ను రిపోర్ట్​ చేేయండి,ଏହି କମେଣ୍ଟ ରିପୋର୍ଟ କରନ୍ତୁ,ਇਸ ਕਮੈਂਟ ਦੀ ਰਿਪੋਰਟ ਕਰੋ,इ कमेंट री रिपोर्ट करो ,இந்த கமெண்டை புகாரளி ,اس کمنٹ کو رپورٹ کریں,
delete,Delete,ডিলিট ,ডিলিট ,डिलीट,ડિલીટ,डिलीट,डिलीट,ಡಿಲೀಟ್,ഡിലീറ്റ് ,डिलीट,డిలీట్​,ଡିଲିଟ,ਡਿਲੀਟ,डिलीट ,நீக்கவும் ,ڈیلیٹ کریں,
block,Block,ব্লক,ব্লক ,ब्लॉक,બ્લોક,ब्लॉक,ब्लॉक,ಬ್ಲಾಕ್,ബ്ലോക്ക് ,ब्लॉक,బ్లాక్​,ବ୍ଲକ୍,ਬਲਾਕ,ब्लॉक ,தடை செய் , بلاک کریں,
request_sent,Request Sent,ৰিকুৱেষ্ট চেণ্ড কৰক,রিক্যুয়েস্ট সেন্ড করুন ,रिक्वेस्ट भेज दिहल गइल बा,રિક્વેસ્ટ મોકલી,रिक्वेस्ट भेज दी गई सै,रिक्वेस्ट भेज दी गई है,ರಿಕ್ವೆಸ್ಟ್ ಕಳುಹಿಸಲಾಗಿದೆ,റിക്വസ്റ്റ് അയച്ചു,रिक्वेस्ट पाठवली आहे,రిక్వెస్ట్ పంపించబడింది,ରିକ୍ବେଷ୍ଟ ପଠାଯାଇଛି,ਰਿਕੁਐਸਟ ਭੇਜੀ ਗਈ,रिक्वेस्ट भेज दी गई है ,வேண்டுகோள் அனுப்பப்பட்டது,ریکویسٹ بھیج دی گئی ہے,
content_description_error,Error,,এরর ,एरर,એરર,एरर,एरर,ಎರರ್,എറർ ,एरर,ఎర్రర్​,ତ୍ରୁଟି,ਐਰਰ ,एरर   ,பிழை,ایرر,
update_app_cta,Update App,এপ আপডেট কৰক,অ্যাপ আপডেট করুন ,ऐप अपडेट करीं,એપ અપડેટ કરો,ऐप अपडेट करो,ऐप अपडेट करें,ಆ್ಯಪ್ ಅಪ್​ಡೇಟ್ ಮಾಡಿ,ആപ് അപ്‌ഡേറ്റ് ചെയ്യൂ,ॲप अपडेट करा,యాప్ అప్​డేట్ చేయండి,ଆପ୍ ଅପଡେଟ୍ କରନ୍ତୁ,ਐਪ ਅੱਪਡੇਟ ਕਰੋ,ऐप अपडेट करों    ,ஆப் அப்டேட் செய்யவும்  ,ایپ کو اپ ڈیٹ کریں,
all_undo,Undo,ঘূৰাই আনক,করবেন না ,पहिले के स्थिति में जाईं,પાછું લાવો,पिछली स्थिति में वापस जाओ,पहले की स्थिति में वापस जाएं ,,Undo,मागील स्थितीवर परत जा,తిరిగిపొందండి,ଅନ୍‌ଡୁ କରନ୍ତୁ,ਵਾਪਿਸ/Undo ,Undo,Undo ,اَن ڈو,
vg_total_spent,%s Spent ,%s খৰচ হৈছে,%s খরচ হয়েছে,%s खर्च,%s ખર્ચ્યા,%s खर्च,%s खर्च,%s ಖರ್ಚು ಮಾಡಲಾಗಿದೆ,%s ചിലവായി ,%s खर्च केले,%s ఖర్చు చేశారు,%s ଖର୍ଚ୍ଚ ହୋଇଛି,%s ਖ਼ਰਚ ਕੀਤਾ ਗਿਆ,%खर्च ,%s செலவிடப்பட்டது,%s خرچ ہوا,
something_went_wrong,Something went wrong.,কিবা সমস্যা হৈছে,কিছু সমস্যা হয়েছে ,कुछ गलत हो गइल बा।,કંઈક ખોટું થયું.,कुछ गलत हो गया।,कुछ गलत हो गया।,ಏನೋ ತಪ್ಪಾಗಿದೆ.,എന്തോ കുഴപ്പം സംഭവിച്ചു.,काहीतरी चूक झाली.,ఏదో పొరపాటు జరిగింది,କିଛି ଭୁଲ ହୋଇ ଗଲା,ਕੁੱਝ ਗਲਤ ਹੋ ਗਿਆ.,कुछ गलत हो गयो है ,ஏதோ தவறாகிவிட்டது ,کچھ غلط ہو گیا,
retry,Retry,পুনৰ চেষ্টা কৰক,আবার চেষ্টা করুন ,दोबारा कोशिश करीं,ફરી પ્રયાસ કરો,फिर तै कोशिश करो,फिर से प्रयास करें,ಮತ್ತೆ ಪ್ರಯತ್ನಿಸಿ,വീണ്ടും ശ്രമിക്കൂ,पुन्हा प्रयत्न करा,మళ్లీ ప్రయత్నించండి,ପୁଣି ଚେଷ୍ଟା କରନ୍ତୁ,ਦੁਬਾਰਾ ਕੋਸ਼ਿਸ਼ ਕਰੋ,फेर स्यूं कोशिश करो ,மீண்டும் முயற்சிக்கவும் ,دوبارہ کوشش کریں,
off,Off,অফ কৰক,অফ ,ऑन ,ઓફ,ऑन ,ऑन ,ಆಫ್ ,ഓഫ് ,ऑफ,ఆఫ్​,ଅଫ୍,ਆਫ਼ ,ऑन ,ஆஃப் ,آف,
on,On ,অন কৰক,অন,ऑफ ,ઓન,ऑफ ,ऑफ ,ಆನ್,ഓൺ ,ऑन,ఆన్​,ଅନ୍,ਆਨ ,ऑफ ,ஆன் ,آن,
co_host_not_visible_to_audience,Co-host is not visible to your audience yet. Please click reject if you are uncomfortable with the request.,আপোনাৰ দৰ্শকে এতিয়াও সহ-হোষ্টক দেখা নাই। যদি আপুনি এই ৰিকুৱেষ্টৰ সৈতে অস্বস্তিকৰ অনুভৱ কৰিছে তেন্তে অনুগ্ৰহ কৰি ৰিজেক্টত ক্লিক কৰক,আপনার সহকারি-হোস্টকে এখনও আপনার দর্শকরা দেখতে পাচ্ছেন না। আপনার যদি এই রিক্যুয়েস্টগুলিতে স্বস্তিবোধ না করেন তবে রিজেক্ট অপশনে ক্লিক করুন। ,राउर ऑडियंस के अभी तक को-होस्ट देखाइ ना दिहले बा। अगर रउवा इ रिक्वेस्ट से असहज बानी त कृपया रिजेक्ट पे क्लिक करीं।,તમારી ઓડિયન્સ હજી સુધી કો-હોસ્ટને જોઇ નથી શકતી. જો તમને રિક્વેસ્ટથી તકલીફ હોય તો કૃપા કરીને રિજેક્ટ પર ક્લિક કરો.,थारी ऑडियंस नै ईब तक को-होस्ट दिखाई नहीं दिया सै। अगर थाम इस रिक्वेस्ट तै असहज सो तो कृपया रिजेक्ट पै क्लिक करो।,आपकी ऑडियंस को अभी तक को-होस्ट दिखाई नहीं दिया है। अगर आप इस रिक्वेस्ट से असहज हैं तो कृपया रिजेक्ट पर क्लिक करें।,"ಕೋ-ಹೋಸ್ಟ್ ಇನ್ನೂ ನಿಮ್ಮ ಪ್ರೇಕ್ಷಕರಿಗೆ ಗೋಚರಿಸುವುದಿಲ್ಲ. ಈ ರಿಕ್ವೆಸ್ಟ್ ನಿಂದ ನಿಮಗೆ ಅನಾನುಕೂಲವಾಗಿದ್ದರೆ, ರಿಜೆಕ್ಟ್ ಕ್ಲಿಕ್ ಮಾಡಿ.",കോ-ഹോസ്റ്റ് ഇതുവരെ ജോയിൻ ചെയ്തിട്ടില്ല.  റിക്വസ്റ്റിൽ നിങ്ങൾ  അസ്വസ്ഥനെങ്കിൽ റിജെക്ടിൽ ക്ലിക് ചെയ്യൂ ,को-होस्ट अद्याप तुमच्या प्रेक्षकांसाठी व्हिजिबल नाही. कृपया ही रिक्वेस्ट तुम्हाला योग्य वाटत नसल्यास नकार क्लिक करा.,కో-హోస్ట్ మీ ఆడియన్స్​కు ఇంకా కనిపించలేదు. రిక్వెస్ట్​తో మీకు అసౌకర్యంగా ఉంటే దయచేసి రిజక్ట్​పై క్లిక్ చేయండి.,କୋ-ହୋଷ୍ଟ ଏପର୍ଯ୍ୟନ୍ତ ଆପଣଙ୍କ ଦର୍ଶକଙ୍କୁ ଦେଖାଯାଉ ନାହିଁ। ଯଦି ଆପଣ ଏହି ରିକ୍ବେଷ୍ଟରେ ଅସନ୍ତୁଷ୍ଟ ତେବେ ଦୟାକରି ରିଜେକ୍ଟ ଉପରେ କ୍ଲିକ୍ କରନ୍ତୁ,ਤੁਹਾਡੀ ਆਡੀਅੰਸ ਨੂੰ ਅਜੇ ਤਕ ਕੋ-ਹੋਸਟ ਦਿਖਾਈ ਨਹੀਂ ਦਿੱਤਾ। ਜੇਕਰ ਤੁਸੀਂ ਇਸ ਰਿਕੁਐਸਟ ਤੋਂ ਅਸੁਵਿਧਾਜਨਕ ਹੋ ਤਾਂ ਕਿਰਪਾ ਕਰਕੇ ਰਿਜੈਕਟ 'ਤੇ ਕਲਿੱਕ ਕਰੋ।,आपरी ऑडियंस ने अभी तक को-होस्ट दिखाई कोनि दियो है। अगर आप इ रिक्वेस्ट से असहज हो तो कृपया रिजेक्ट पे क्लिक करो।,"இன்னும் உங்கள் பார்வையாளர்களுக்கு கோ-ஹோஸ்ட் தெரியவில்லை. இந்த ரிக்குவஸ்ட் உங்களுக்கு சங்கடமாக இருந்தால், நிராகரி என்பதைக் கிளிக் செய்யவும்.",کو ہوسٹ ابھی تک آپ کے سامعین کو نظر نہیں آیا ہے۔ اگر آپ ریکویسٹ سے ناخوش ہیں تو براہ مہربانی ریجیکٹ پر کلک کریں,
co_host_joined,Co-Host joined,সহ-হোষ্টে জইন কৰিছে,সহকারি-হোস্ট জয়েন করেছেন ,को-होस्ट शामिल हो गइलन,કો-હોસ્ટે જોઇન કર્યું,को-होस्ट शामिल होए,को-होस्ट शामिल हुए,ಕೋ-ಹೋಸ್ಟ್ ಜಾಯಿನ್ ಆದರು ,കോ-ഹോസ്റ്റ് ജോയിൻ ചെയ്തു,को-होस्टने जॉईन केले,కో-హోస్ట్ జాయిన్ అయ్యారు,କୋ-ହୋଷ୍ଟ ଜଏନ କଲେ,ਕੋ-ਹੋਸਟ ਸ਼ਾਮਲ ਹੋਏ,को-होस्ट शामिल हुयो ,கோ-ஹோஸ்ட் இணைந்தார் ,کو ہوسٹ شامل ہو گئے ہیں,
mute_co_host,Mute,মিউট,মিউট ,म्यूट करीं,મ્યૂટ,म्यूट,म्यूट करें,ಮ್ಯೂಟ್,മ്യൂട്ട്,म्यूट,మ్యూట్​,ମ୍ୟୁଟ୍,ਮਿਊਟ ,म्यूट,மியூட் ,میوٹ کریں,
accept_in_seconds,Accept (%1$d)s,এক্সেপ্ট (%1$d)s,অ্যাক্সেপ্ট (%1$d)s,स्वीकार करीं (%1$d)s,(%1$d) સ્વીકારો,स्वीकार करो (%1$d)s,स्वीकार करें (%1$d)s,ಸ್ವೀಕರಿಸಿ (%1$d)s,(%1$d)s സ്വീകരിക്കൂ,(%1$d) स्वीकारा,(%1$d)s ను ఆమోదించండి,(%1$d)sକୁ ଆସେପ୍ଟ କରନ୍ତୁ,ਸਵੀਕਾਰ ਕਰੋ (%1$d) ,स्वीकार करो (%1$d)s,ஏற்றுக்கொள்  (%1$d)s,قبول کریں (%1$d)s,
all_follower_count,%s Followers,%s ফলোৱাৰ,%s ফলোয়ার,%s फॉलोवर्स,%s ફોલોવર્સ,%s फॉलोवर्स,%s फॉलोवर्स,"
%s ಫಾಲೋವರ್ಸ್",%s ഫോളോവേഴ്സ്,%s फॉलोअर्स ,%s ఫాలోవర్లు,%s ଫଲାୟର୍ସ,%s ਫੋਲੋਅਰਸ,%s फॉलोवर्स,%s ஃபாலோவர்ஸ் ,%s فالوورس,
following,Following,ফলোৱিং,ফলোয়িং,फॉलोइंग,ફોલોઇંગ,फॉलोइंग,फॉलोइंग,ಫಾಲೋಯಿಂಗ್,ഫോളോവിങ്,फॉलोईंग,ఫాలోయింగ్​,ଫଲୋଇଙ୍ଗ,ਫੋਲੋਇੰਗ ,फॉलोइंग,ஃபாலோயிங்,فالوئنگ,
follow,Follow,ফলো,ফলো,फॉलो,ફોલો,फॉलो,फॉलो,ಫಾಲೋ,ഫോളോ,फॉलो,ఫాలో,ଫଲୋ କରନ୍ତୁ,ਫੋਲੋ,फॉलो,ஃபாலோ,فالو کریں,
all_no_matches_found,No matches found,মিল থকা কোনো নাই,কোনও মিল নেই ,कवनो मेल ना पावल गइल,કોઈ મેચ ન મળ્યું,कोए मैच नहीं मिला,कोई मेल नहीं खाता,"
ಯಾವುದೇ ಹೊಂದಾಣಿಕೆಗಳಿಲ್ಲ",ചേർച്ചയുള്ളതൊന്നും കണ്ടെത്താനായില്ല ,कोणताही मॅच सापडला नाही ,ఎలాంటి మ్యాచ్​లు కనిపించలేదు,କୌଣସି ମ୍ୟାଚ୍ ମିଳିଲା ନାହିଁ,ਕੋਈ ਮੇਲ ਨਹੀਂ ਮਿਲਿਆ,कोई मेल कोनि हुयो,பொருத்தங்கள் எதுவும் இல்லை,کوئی میچ نہیں ملا,
content_description_cheers,Cheers,চিয়াৰ্চ,উল্লাস ,चियर्स,ચીયર્સ,चियर्स,चियर्स,ಚೀರ್ಸ್,ചിയേഴ്സ്,चिअर्स,చీర్స్​,ଖୁସି,ਚੀਅਰਸ,चियर्स,சியர்ஸ் ,چیئرز,
content_description_profile_image,Profile image,প্ৰ'ফাইল ফটো,প্রোফাইল ফটো ,प्रोफाइल इमेज,પ્રોફાઇલ ઇમેજીસ,प्रोफाइल इमेज,प्रोफाइल इमेज,ಪ್ರೊಫೈಲ್ ಇಮೇಜ್,പ്രൊഫൈൽ ഇമേജ് ,प्रोफाईल इमेज,ప్రొఫైల్ ఇమేజ్​,ପ୍ରୋଫାଇଲ୍ ଇମେଜ୍,ਪ੍ਰੋਫ਼ਾਈਲ ਇਮੇਜ ,प्रोफाइल इमेज,ப்ரொஃபைல் படம் ,پروفائل تصویر,
all_viewers,Viewers,ভিউৱাৰ,ভিউয়ার ,व्यूवर्स,વ્યૂવર્સ,व्यूवर्स / दर्शक,व्यूवर्स / दर्शक,ವೀವರ್ಸ್,വ്യൂവേഴ്സ്,व्ह्यूअर्स/प्रेक्षक,వ్యూస్​,ଦର୍ଶକ,ਵਿਊਅਰਸ,व्यूअर्स,பார்வையாளர்கள் ,ویوئرز,
content_description_profile_badge,Profile badge,প্ৰ'ফাইল বেজ,প্রোফাইল ব্যাজ ,प्रोफाइल बैज,પ્રોફાઇલ બેજ,प्रोफाइल बैज,प्रोफाइल बैज,ಪ್ರೊಫೈಲ್ ಬ್ಯಾಡ್ಜ್,പ്രൊഫൈൽ ബാഡ്ജ് ,प्रोफाईल बॅज,ప్రొఫైల్ బ్యాడ్జ్​,ପ୍ରୋଫାଇଲ୍ ବ୍ୟାଜ୍,ਪ੍ਰੋਫਾਈਲ ਬੈਜ,प्रोफाइल बैज,ப்ரொஃபைல் பேட்ஜ்  ,پروفائل بیج,
content_description_decline_request,Decline request,ৰিকুৱেষ্ট নাকচ কৰক,রিক্যুয়েস্ট গ্রহণ করবেন না,रिक्वेस्ट रिजेक्ट करीं,રિક્વેસ્ટ નકારો,रिक्वेस्ट रिजेक्ट करो,रिक्वेस्ट रिजेक्ट करें,ರಿಕ್ವೆಸ್ಟ್ ತಿರಸ್ಕರಿಸಿ,റിക്വസ്റ്റ് നിരസിച്ചു,रिक्वेस्ट रिजेक्ट करा ,తిరస్కరణ కోసం రిక్వెస్ట్​,ରିକ୍ବେଷ୍ଟ ରିଜେକ୍ଟ କରନ୍ତୁ,ਰਿਕੁਐਸਟ ਰਿਜੈਕਟ ਕਰੋ,रिक्वेस्ट रिजेक्ट करो,ரிக்குவஸ்டை நிராகரி ,ریکویسٹ مسترد کریں,
content_description_search,Search,চাৰ্চ,সার্চ ,खोजीं,શોધો,खोजो,खोजें,ಹುಡುಕಿ,സെർച്ച് ,सर्च,సెర్చ్​,ସର୍ଚ୍ଚ କରନ୍ତୁ,ਖੋਜੋ ,खोजें,தேடவும் ,تلاش کریں,
all_requests,Requests ,ৰিকুৱেষ্ট,রিক্যুয়েস্ট,रिक्वेस्ट्स,રિક્વેસ્ટ્સ,रिक्वेस्ट्स,रिक्वेस्ट्स,ರಿಕ್ವೆಸ್ಟ್ ಗಳು,റിക്വറ്റ്സ്,रिक्वेस्ट्स,రిక్వెస్ట్​లు,ରିକ୍ବେଷ୍ଟ,ਰਿਕੁਐਸਟ,रिक्वेस्ट्स,ரிக்குவஸ்ட்கள் ,ریکویسٹس,
search_users,Search users,ইউজাৰ চাৰ্চ কৰক,ইউজার সার্চ করুন ,यूजर्स के खोजीं,યુઝર્સ શોધો,यूजर्स नै ढूंढो,यूजर्स को खोजें ,ಯೂಸರ್ಸ್ ಹುಡುಕಿ,സേർച്ച് യൂസേഴ്സ്,युझर्स शोधा,యూజర్లును సెర్చ్ చేయండి,ୟୁଜରଙ୍କୁ ସର୍ଚ୍ଚ କରନ୍ତୁ,ਯੂਜ਼ਰਸ ਦੀ ਖੋਜ ਕਰੋ,यूजर्स ने खोजो,பயன்ரகளை தேடவும் ,یوزرس کو سرچ کریں,
invite_people_desc,You can add maximum of 3 people to the stream,আপুনি ষ্ট্ৰীমত খুব বেছি 3 গৰাকী ব্যক্তিক এড কৰিব পাৰিব,আপনি স্ট্রিমে সর্বাধিক 3 জন ব্যক্তিকে অ্যাড করতে পারেন  ,रउवा लाइव स्ट्रीम में अधिकतम 3 लोग के जोड़ सकेनी,તમે સ્ટ્રીમમાં વધુમાં વધુ 3 લોકોને ઉમેરી શકો છો,थाम स्ट्रीम मै ज्यादा तै ज्यादा 3 लोगां नै जोड़ सको सो,आप स्ट्रीम में अधिकतम 3 लोगों को जोड़ सकते हैं,ನೀವು ಸ್ಟ್ರೀಮ್‌ಗೆ ಗರಿಷ್ಠ 3 ಜನರನ್ನು ಸೇರಿಸಬಹುದು,നിങ്ങൾക്ക് സ്ട്രീമിലേക്ക് മാക്സിമം  3 പേരെ ആഡ് ചെയ്യാം,तुम्ही स्ट्रीममध्ये जास्तीत जास्त 3 लोकांना ॲड करू शकता,మీరు గరిష్టంగా 3 మందిని స్ట్రీమ్​లో యాడ్ చేయొచ్చు,ଆପଣ ଷ୍ଟ୍ରୀମ୍‌ରେ ସର୍ବାଧିକ 3 ଜଣ ଜଏନ୍ କରିପାରିବେ,ਤੁਸੀਂ ਸਟ੍ਰੀਮ ਵਿੱਚ ਵੱਧ ਤੋਂ ਵੱਧ 3 ਲੋਕਾਂ ਨੂੰ ਸ਼ਾਮਲ ਕਰ ਸਕਦੇ ਹੋ,आप स्ट्रीम में अधिकतम 3 लोगां ने जोड़ सको हो,ஸ்ட்ரீமில் அதிகபட்சம் 3 பேரைச் சேர்க்கலாம்,آپ سٹریم میں زیادہ سے زیادہ 3 لوگوں کو شامل کر سکتے ہیں,
invite_people,Invite people to go live with you,আপোনাৰ সৈতে লাইভ হ'বলৈ ইনভাইট কৰক,আপনার সঙ্গে লাইভ করার জন্য অন্যদের ইনভাইট করুন ,लोग के आपन साथ लाइव होखे खातिर इन्वाइट करीं,લોકોને તમારી સાથે લાઇવ થવા માટે ઇન્વાઇટ કરો,लोगां नै आपणे गेल लाइव होण खात्तर इन्वाइट करो,लोगों को अपने साथ लाइव होने के लिए इन्वाइट करें,ನಿಮ್ಮೊಂದಿಗೆ ಲೈವ್ ಮಾಡಲು ಜನರನ್ನು ಆಹ್ವಾನಿಸಿ,നിങ്ങൾക്കൊപ്പം ലൈവ് പോകാൻ ആളുകളെ ഇൻവൈറ്റ് ചെയ്യാം,तुमच्यासोबत लाईव्ह जाण्यासाठी लोकांना इन्व्हाईट करा,మీతో కలిసి లైవ్​కు వచ్చేందుకు జనాన్ని ఆహ్వానించండి,ଲୋକଙ୍କୁ ଆପଣଙ୍କ ସହିତ ଲାଇଭ୍ ଯିବାକୁ ଇନଭାଇଟ୍ କରନ୍ତୁ,ਲੋਕਾਂ ਨੂੰ ਤੁਹਾਡੇ ਨਾਲ ਲਾਈਵ ਹੋਣ ਲਈ ਇਨਵਾਈਟ ਕਰੋ ,लोगां ने आपरे साथ लाइव होबा खातिर इन्वाइट करो,உங்களுடன் லைவில்  செல்ல மக்களை அழைக்கவும்,لوگوں کو اپنے ساتھ لائیو جانے کے لیے مدعو کریں,
add_people,Add People,ভিন্ন ব্যক্তিক এড কৰক,অন্যান্যদের অ্যাড করুন ,लोग के जोड़ीं,લોકોને ઉમેરો,लोगों नै ऐड करो,लोगों को जोड़ें,ಜನರನ್ನು ಸೇರಿಸಿ,ആളുകളെ ആഡ് ചെയ്യൂ,लोकांना ॲड करा ,జనాన్ని యాడ్ చేయండి,ଲୋକଙ୍କୁ ଯୋଡ଼ନ୍ତୁ,ਲੋਕਾਂ ਨੂੰ ਸ਼ਾਮਲ ਕਰੋ,लोगां ने जोड़ो,மக்களை இணை ,لوگوں کو شامل کریں,
cancel_request,Cancel Request,ৰিকুৱেষ্ট বাতিল কৰক,রিক্যুয়েস্ট বাতিল করুন ,रिक्वेस्ट कैंसिल,રિક્વેસ્ટ કેન્સલ કરો,रिक्वेस्ट कैंसिल,रिक्वेस्ट कैंसिल,ರಿಕ್ವೆಸ್ಟ್ ಕ್ಯಾನ್ಸಲ್ ಮಾಡಿ,റിക്വസ്റ്റ് ക്യാൻസൽ ചെയ്യൂ,रिक्वेस्ट कॅन्सल करा ,రిక్వెస్ట్​ క్యాన్సిల్ చేయండ,ରିକ୍ବେଷ୍ଟ ବାତିଲ କରନ୍ତୁ,ਰਿਕੁਐਸਟ ਕੈਂਸਲ ,रिक्वेस्ट कैंसिल,ரிக்குவஸ்டை ரத்து செய் ,ریکویسٹ منسوخ کریں,
request_sent_to_go_live_desc,"Both of your followers can watch, and some of your followers will get notified.",আপোনাৰ দুয়োগৰাকী ফলোৱাৰে চাব পাৰিব আৰু আপোনাৰ কিছুমান ফলোৱাৰক নটিফাই কৰা হ'ব,আপনাদের দুজনের ফলোয়াররাী দেখতে পারেন এবং আপনার কিছু ফলোয়ারকে নোটিফাই করা হবে।  ,"राउर दूनो फॉलोवर्स देख सकेलन, अउर राउर कुछ फॉलोवर्स के एकरा बारे में सूचित कइल जाई।","તમારા બંનેના ફોલોવર્સ જોઈ શકે છે, અને તમારા કેટલાક ફોલોવર્સને સૂચિત કરવામાં આવશે.","थाम दोनों के फॉलोवर्स देख सकते हैं, अर थारे कुछ फॉलोवर्स नै इसके बारे मै सूचित करा जावैगा।","आपके दोनों फॉलोवर्स देख सकते हैं, और आपके कुछ फॉलोवर्स को इसके बारे में सूचित किया जाएगा।",ನಿಮ್ಮ ಫಾಲೋವರ್ಸ್ ಇಬ್ಬರೂ ವೀಕ್ಷಿಸಬಹುದು ಮತ್ತು ನಿಮ್ಮ ಕೆಲವು ಫಾಲೋವರ್ಸ್ ಗೆ ಸೂಚನೆ ನೀಡಲಾಗುತ್ತದೆ.,"നിങ്ങളുടെ ഫോളോവേർസിൽ രണ്ടുപേർക്ക്  ഇത് കാണാനാകും, ഫോളോവേഴ്‌സിൽ ചിലർക്ക്  നോട്ടിഫിക്കേഷനും ലഭിക്കും!",तुम्हा दोघांचे फॉलोअर्स हे पाहू शकतात आणि तुमच्या काही फॉलोअर्सला याबाबत सूचित केले जाईल.,మీ ఇద్దరి ఫాలోవర్స్ చూసేందుకు వీలుంటుంది మరియు మీ ఫాలోవర్స్​లో కొంత మందికి నోటిఫికేషన్ వెళ్తుంది.,ଆପଣଙ୍କର ଉଭୟ ଫଲୋୟର୍ସ ଦେଖିପାରିବେ ଏବଂ ଆପଣଙ୍କର କିଛି ଫଲୋୟର୍ସଙ୍କୁ ନୋଟିଫିକେସନ୍‌ ଯିବ,"ਤੁਹਾਡੇ ਦੋਨਾਂ ਦੇ ਫੋਲੋਅਰਸ ਦੇਖ ਸਕਦੇ ਹਨ, ਅਤੇ ਤੁਹਾਡੇ ਕੁੱਝ ਫੋਲੋਅਰਸ ਨੂੰ ਸੂਚਿਤ ਕੀਤਾ ਜਾਵੇਗਾ।","आपरा दोन्यूं का फॉलोवर्स देख सके है, और आपरे कुछ फॉलोवर्स ने इके बारां में सूचित कियो जावेगो।","உங்களை ஃபாலோ செய்யும் இருவரும் பார்க்கலாம், உங்களின் சில ஃபாலோவர்ஸ்க்கு அறிவிப்பு அனுப்பப்படும் .",آپ کے دونوں فالوورس دیکھ سکتے ہیں اور آپ کے کچھ فالوورس کو مطلع کیا جائے گا,
content_description_clear_search,Clear search ,চাৰ্চ ক্লিয়াৰ কৰক,সার্চ ক্লিয়ার করুন ,सर्च क्लियर करीं,સર્ચ ક્લિયર કરો,सर्च क्लियर करो ,सर्च क्लियर करें,ಹುಡುಕಿರುವುದನ್ನು ಅಳಿಸಿ,സെർച്ച് ക്ലിയർ ചെയ്യൂ,सर्च क्लिअर करा ,సెర్చ్​ని క్లియర్ చేయండి,ସର୍ଚ୍ଚ କ୍ଲିୟର କରନ୍ତୁ,ਕਲੀਅਰ ਖੋਜ ,क्लियर खोज,தேடியதை அழிக்கவும்,سرچ کلیئر کریں,
add_people_desc,You can add maximum of 3 people to your stream. Anyone who can see your live video will be able to send you request to join your live video.,"আপুনি ষ্ট্ৰীমত খুব বেছি 3 গৰাকী ব্যক্তিক এড কৰিব পাৰিব। আৰু যিয়ে আপোনাৰ লাইভ ভিডিঅ' চাব, তেওঁলোকে আপোনাৰ লাইভ ভিডিঅ'ত জইন কৰিবলৈ ৰিকুৱেষ্ট প্ৰেৰণ কৰিব পাৰিব",আপনি আপনার স্ট্রিমে সর্বাধিক 3 জনকে অ্যাড করতে পারেন৷ যারা আপনার লাইভ ভিডিও দেখতে সক্ষম তাদের মধ্যে যে কেউ আপনাকে আপনার লাইভ ভিডিওতে জয়েন করার জন্য আপনাকে রিক্যুয়েস্ট করতে পারেন। ,"रउवा आपन स्ट्रीम में अधिकतम 3 लोग के जोड़ सकेनी। जे केहू भी राउर लाइव वीडियो देखी, उ राउर लाइव वीडियो के जॉइन करे के रिक्वेस्ट भेज सकेला।",તમે તમારી સ્ટ્રીમમાં વધુમાં વધુ 3 લોકોને ઉમેરી શકો છો. જે કોઈપણ તમારો લાઈવ વિડિઓ જોઈ શકે છે તે તમને તમારા લાઈવ વિડિઓમાં જોડાવા માટે રિક્વેસ્ટ મોકલી શકશે.,"थाम आपणी  स्ट्रीम मै ज्यादा तै ज्यादा 3 लोगां नै जोड़ सको सो। जो कोई भी थारा लाइव वीडियो देखैगा, वो थामनै थारे लाइव वीडियो नै जॉइन करण की रिक्वेस्ट भेज सकैगा।","आप अपनी स्ट्रीम में अधिकतम 3 लोगों को जोड़ सकते हैं। जो कोई भी आपका लाइव वीडियो देखेगा, वह आपको आपके लाइव वीडियो को जॉइन करने की रिक्वेस्ट भेज सकेगा।",ನಿಮ್ಮ ಸ್ಟ್ರೀಮ್‌ಗೆ ನೀವು ಗರಿಷ್ಠ 3 ಜನರನ್ನು ಸೇರಿಸಬಹುದು. ನಿಮ್ಮ ಲೈವ್ ವಿಡಿಯೋವನ್ನು ನೋಡಬಹುದಾದ ಯಾರಾದರೂ ನಿಮ್ಮ ಲೈವ್ ವಿಡಿಯೋಗೆ ಸೇರಲು ರಿಕ್ವೆಸ್ಟ್ ಕಳುಹಿಸಲು ಸಾಧ್ಯವಾಗುತ್ತದೆ.,നിങ്ങളുടെ സ്ട്രീമിലേക്ക് മാക്സിമം  3 പേരെ ചേർക്കാം. നിങ്ങളുടെ ലൈവ് വീഡിയോ കാണാൻ കഴിയുന്ന ആർക്കും നിങ്ങളുടെ ലൈവ്  വീഡിയോയിൽ ജോയിൻ ചെയ്യാനുള്ള റിക്വസ്റ്റ്  അയയ്ക്കാനും സാധിക്കും.,तुम्ही तुमच्या स्ट्रीममध्ये जास्तीत जास्त 3 लोकांना ॲड करू शकता. जी व्यक्ती तुमचा लाईव्ह व्हिडीओ पाहू शकते ती व्यक्ती तुम्हाला तुमच्या लाईव्ह व्हिडीओमध्ये सामील होण्याची रिक्वेस्ट पाठवण्यास सक्षम असेल.,మీకు గరిష్టంగా 3 మందిని మీ స్ట్రీమ్​లో యాడ్ చేయొచ్చు. మీ లైవ్​ వీడియో చూసే వాళ్లలో ఎవరైనా లైవ్​ వీడియోలో జాయిన్ అయ్యేందుకు రిక్వెస్ట్ పంపించవచ్చు.,"ଆପଣଙ୍କର ଷ୍ଟ୍ରୀମ୍‌ରେ ଆପଣ ସର୍ବାଧିକ 3 ଜଣ ଜଏନ୍ କରାଇପାରିବେ। ଯେକେହି ଆପଣଙ୍କର ଲାଇଭ୍ ଭିଡିଓ ଦେଖିପାରିବେ, ଲାଇଭ୍ ଭିଡିଓରେ ଯୋଗଦେବା ପାଇଁ ଆପଣଙ୍କୁ ରିକ୍ବେଷ୍ଟ ପଠାଇପାରିବୋ","ਤੁਸੀਂ ਆਪਣੀ ਸਟ੍ਰੀਮ ਵਿੱਚ ਵੱਧ ਤੋਂ ਵੱਧ 3 ਲੋਕਾਂ ਨੂੰ ਸ਼ਾਮਲ ਕਰ ਸਕਦੇ ਹੋ। ਜੋ ਕੋਈ ਵੀ ਤੁਹਾਡੇ ਲਾਈਵ ਵੀਡੀਓ ਨੂੰ ਦੇਖੇਗਾ, ਉਹ ਤੁਹਾਨੂੰ ਤੁਹਾਡੇ ਲਾਈਵ ਵੀਡੀਓ ਵਿੱਚ ਸ਼ਾਮਲ ਹੋਣ ਲਈ ਰਿਕੁਐਸਟ ਭੇਜ ਸਕੇਗਾ।","आप आपरी स्ट्रीम में अधिकतम 3 लोगां ने जोड़ सको हो। जो कोई भी आपरो लाइव वीडियो देखेगो, वो आपने आपरे लाइव वीडियो ने जॉइन करबा री रिक्वेस्ट भेज सकेगो।",உங்கள் ஸ்ட்ரீமில் அதிகபட்சம் 3 பேரைச் சேர்க்கலாம். உங்கள் லைவ்  வீடியோவைப் பார்க்கக்கூடிய எவரும் உங்கள் லைவ் வீடியோவில் சேருவதற்கான ரிக்குவஸ்டை  உங்களுக்கு அனுப்ப முடியும்.,آپ اپنی اسٹریم میں زیادہ سے زیادہ 3 لوگوں کو شامل کر سکتے ہیں۔ کوئی بھی یوزر جو آپ کی لائیو ویڈیو دیکھ سکتا ہے وہ آپ کو آپ کی لائیو ویڈیو میں شامل ہونے کی ریکویسٹ بھیج سکے گا,
close,Close,বন্ধ কৰক,বন্ধ করুন ,बंद,બંધ,बंद ,बंद ,ಮುಚ್ಚಿ,ക്ലോസ് ,बंद,ముగించండి,କ୍ଲୋଜ୍,ਬੰਦ ,बंद,மூடவும் ,بند کریں,
request_sent_to_go_live_title,Request sent to go live with \n%1$s,\n%1$s-ৰ সৈতে লাইভ হ'বলৈ ৰিকুৱেষ্ট চেণ্ড কৰা হৈছে,\n%1$s এর সাথে লাইভ হওয়ার রিক্যুয়েস্ট সেন্ড করা হয়েছে৷,\n%1$s के साथ लाइव होखे खातिर रिक्वेस्ट भेजल गइल बा,\n%1$s સાથે લાઇવ થવા માટે રિક્વેસ્ટ મોકલો,\n%1$s के गेल लाइव होण खात्तर रिक्वेस्ट भेजी गई सै,\n%1$s के साथ लाइव होने के लिए रिक्वेस्ट भेजी गई है,\n%1$s ಜೊತೆಗೆ ಲೈವ್ ಹೋಗಲು ರಿಕ್ವೆಸ್ಟ್ ಕಳುಹಿಸಲಾಗಿದೆ,\n%1$s നൊപ്പം ലൈവ് ആകാനുള്ള റിക്വസ്റ്റ്  അയച്ചു,\n%1$s सह लाईव्ह जाण्‍याची रिक्वेस्ट पाठवली गेली आहे ,\n%1$s తో లైవ్​కు వెళ్లేందుకు రిక్వెస్ట్ పంపించబడింది,\n%1$s ଙ୍କ ସହିତ ଲାଇଭ୍ ଯିବାକୁ ରିକ୍ବେଷ୍ଟ ପଠାଯାଇଛି,\n%1$s ਨਾਲ ਲਾਈਵ ਹੋਣ ਲਈ ਰਿਕੁਐਸਟ ਭੇਜੀ ਗਈ,\n%1$s रे साथ लाइव होबा खातिर रिक्वेस्ट भेजी गई,\n%1$s உடன் லைவ் செல்வதற்கான ரிக்குவஸ்ட்  அனுப்பப்பட்டது,\n%1$s کے ساتھ لائیو ہونے کی ریکویسٹ بھیج دی گئی ہے,
send_request,Send Request,ৰিকুৱেষ্ট চেণ্ড কৰক,রিক্যুয়েস্ট সেন্ড করুন ,रिक्वेस्ट भेजीं,રિક્વેસ્ટ મોકલી,रिक्वेस्ट भेजो,रिक्वेस्ट भेजें  ,ರಿಕ್ವೆಸ್ಟ್ ಕಳುಹಿಸಿ,റിക്വസ്റ്റ്  അയച്ചു,रिक्वेस्ट पाठवा,రిక్వెస్ట్ పంపించండి,ରିକ୍ବେଷ୍ଟ ପଠାନ୍ତୁ,ਰਿਕੁਐਸਟ ਭੇਜੋ,रिक्वेस्ट भेजो,ரிக்குவஸ்ட் அனுப்பவும் ,ریکویسٹ بھیجیں,
cancel,Cancel,বাতিল,বাতিল , कैंसिल,કેન્સલ ,कैंसिल, कैंसिल,ಕ್ಯಾನ್ಸಲ್ ಮಾಡಿ,ക്യാൻസൽ ,कॅन्सल,క్యాన్సిల్​ చేయండి,ବାତିଲ କରନ୍ତୁ,ਰੱਦ ਕਰੋ,कैंसिल,ரத்து செய் ,کینسل کریں,
request_sent_invite_request_title,Request to go live with \n%1$s,\n%1$s-ৰ সৈতে লাইভ হ'বলৈ ৰিকুৱেষ্ট,n%1$s এর সঙ্গে লাইভ হওয়ার জন্য রিক্যুয়েস্ট করুন,\n%1$s के साथ लाइव होखला के रिक्वेस्ट,\n%1$s સાથે લાઇવ થવા રિક્વેસ્ટ મોકલો,\n%1$s के गेल लाइव होण की रिक्वेस्ट,\n%1$s के साथ लाइव होने की रिक्वेस्ट,\n%1$s ಜೊತೆಗೆ ಲೈವ್ ಹೋಗಲು ರಿಕ್ವೆಸ್ಟ್ ,\n%1$s നൊപ്പം ലൈവ്  പോകാനുള്ള റിക്വസ്റ്റ് ,\n%1$s सह लाईव्ह जाण्याची रिक्वेस्ट,\n%1$s తో లైవ్​కు వెళ్లేందుకు రిక్వెస్ట్,\n%1$s ଙ୍କ ସହିତ ଲାଇଭ୍ ଯିବାକୁ ରିକ୍ବେଷ୍ଟ,\n%1$s ਨਾਲ ਲਾਈਵ ਹੋਣ ਲਈ ਰਿਕੁਐਸਟ ,\n%1$s रे साथ लाइव होबा की रिक्वेस्ट,\n%1$s உடன் லைவ்  செல்வதற்கான ரிக்குவஸ்ட் ,\n%1$s کے ساتھ لائیو ہونے کے لیے ریکویسٹ کریں,
join_live,Join Live,লাইভত জইন কৰক,লাইভে জয়েন করুন ,लाइव जॉइन करीं,લાઈવ જોઇન કરો,लाइव जॉइन करो,लाइव जॉइन करें ,ಲೈವ್ ಜಾಯಿನ್ ಆಗಿ,ലൈവിൽ ജോയിൻ ചെയ്യൂ,लाईव्ह जॉईन करा ,లైవ్​లో జాయిన్ అవ్వండి,ଲାଇଭ୍‌ରେ ଜଏନ୍‌ କରନ୍ତୁ,ਲਾਈਵ ਵਿੱਚ ਸ਼ਾਮਲ ਹੋਵੋ,लाइव जॉइन करो,லைவில் இணையவும் ,لائیو میں شامل ہوں,
checking_internet,"""Checking internet connectivity!""","""ইণ্টাৰনেট সংযোগ পৰীক্ষা কৰি থকা হৈছে!""","""ইন্টারনেট কানেকশন চেক করা হচ্ছে!""","""इंटरनेट कनेक्टिविटी चेक करत बानी!""","""ઇન્ટરનેટ કનેક્ટિવિટી ચેક કરી રહ્યાં છીએ!""","""इंटरनेट कनेक्टिविटी चेक होण लाग रही सै!""","""इंटरनेट कनेक्टिविटी चेक कर रहा है!""","""ಇಂಟರ್ನೆಟ್ ಸಂಪರ್ಕವನ್ನು ಚೆಕ್ ಮಾಡಲಾಗುತ್ತಿದೆ!""","""ഇന്റർനെറ്റ് കണക്ഷൻ ചെക്ക് ചെയ്യുന്നു""","""इंटरनेट कनेक्टिव्हिटी चेक करत आहोत!""","""ఇంటర్నెట్ కనెక్టివిటీని చెక్​ చేస్తోంది!""",ଇଣ୍ଟରନେଟ୍ ସଂଯୋଗ ଯାଞ୍ଚ କରୁଛି!,ਇੰਟਰਨੈੱਟ ਕਨੈਕਟੀਵਿਟੀ ਚੈੱਕ ਕੀਤੀ ਜਾ ਰਹੀ ਹੈ!,इंटरनेट कनेक्टिविटी चेक कर रिया है!,இன்டர்நெட் இணைப்பைச் சரிபார்க்கிறது!,"""انٹرنیٹ کنیکٹیویٹی چیک ہو رہی ہے!""",
unsupported_comment,Unsupported comment,অসমৰ্থিত কমেণ্ট,অসমর্থিত কমেন্ট ,कमेंट सपोर्ट ना करत बा,કમેન્ટ સપોર્ટ નથી કરતી,कमेंट सपोर्ट कोनी कर रही सै ,कमेंट को सपोर्ट नहीं किया गया ,"
ಸಪೋರ್ಟ್ ಇಲ್ಲದ ಕಾಮೆಂಟ್",അൺസപ്പോർട്ടഡ് കമന്റ് ,कमेंटला सपोर्ट केले नाही ,సపోర్ట్​లేని కామెంట్​,କମେଣ୍ଟକୁ ସପୋର୍ଟ କରାଯାଇନାହିଁ,ਕਮੈਂਟ ਨੂੰ ਸਪੋਰਟ ਨਹੀਂ ਕੀਤਾ ਗਿਆ ,कमेंट ने सपोर्ट कोनि कियो गयो,ஆதரிக்கப்படாத கருத்து,غیر تعاون یافتہ کمنٹ,
hidden_message_label,Message Hidden,মেছেজ হাইড কৰা আছে,মেসেজ হাইড করা হচ্ছে ,मैसेज हाइड बा,મેસેજ છુપાયેલો છે,मैसेज छुपा होया सै ,मैसेज छुपा हुआ है ,ಮೆಸೇಜ್ ಮರೆಮಾಡಲಾಗಿದೆ,മെസേജ് മറച്ചിരിക്കുന്നു,मेसेज लपलेला आहे ,మెస్సేజ్​ దాయబడింది,ମେସେଜ୍ ହାଇଡ୍‌ କରାଯାଇଛି,ਮੈਸੇਜ ਹਾਈਡ ਹੈ ,मैसेज हाईड है,மெசேஜ் மறைக்கப்பட்டது,میسج پوشیدہ ہے,
reported_message_label,Message Reported,মেছেজ ৰিপোৰ্ট কৰা আছে,মেসেজ রিপোর্ট করা হয়েছে ,मैसेज रिपोर्ट कइल गइल,મેસેેજ વિશે રિપોર્ટ કરાઇ,मैसेज रिपोर्ट करा गया,मैसेज रिपोर्ट किया गया,ಮೆಸೇಜ್ ರಿಪೋರ್ಟ್ ಮಾಡಲಾಗಿದೆ,മെസേജ് റിപ്പോർട്ട് ചെയ്തിരിക്കുന്നു,मेसेज रिपोर्ट केला गेला ,మెస్సేజ్​ రిపోర్ట్ చేయబడింది,ମେସେଜ୍ ରିପୋର୍ଟ କରାଯାଇଛି,ਮੈਸੇਜ ਦੀ ਰਿਪੋਰਟ ਕੀਤੀ ਗਈ,मैसेज रिपोर्ट कियो गयो,மெசேஜ் புகாரளிக்கப்பட்டது ,میسج کی اطلاع دی گئی ہے,
go_to_latest,Go to latest,লেটেষ্ট অপচন চাওক,লেটেস্ট অপশনে দেখুন ,लेटेस्ट पे जाईं,લેટેસ્ટ પર જાઓ,लेटेस्ट पै जाओ,लेटेस्ट पर जाएं ,ಲೇಟೆಸ್ಟ್ ಗೆ ಹೋಗಿ,ലേറ്റസ്റ്റിലേക്ക് പോകൂ ,लेटेस्ट वर जा ,లేటెస్ట్​కు వెళ్లండి,ଲାଟେଷ୍ଟକୁ ଯାଆନ୍ତୁ,ਲੇਟੈਸਟ 'ਤੇ ਜਾਓ,लेटेस्ट पे जाओ,சமீபத்திற்கு செல்லவும் ,تازہ ترین پر جائیں,
end_live_stream_host_header,End Sharechat Live?,শ্বেয়াৰচাট লাইভ শেষ কৰিব বিচাৰিছে?,শেয়ারচ্যাট লাইভ শেষ করতে চান? ,शेयरचैट लाइव खत्म करीं?,શેરચેટ લાઈવ પૂરું કરવું છે?,शेयरचैट लाइव खत्म करैं?,शेयरचैट लाइव खत्म करें?,ಶೇರ್‌ಚಾಟ್ ಲೈವ್ ಅನ್ನು ಕೊನೆಗೊಳಿಸಬೇಕೇ?,ഷെയർചാറ്റ് ലൈവ് അവസാനിപ്പിക്കണോ?,शेअरचॅट लाईव्ह संपवायचे?,షేర్​చాట్ లైవ్​ ముగించాలా?,ଶେୟରଚେଟ୍‌ ଲାଇଭ୍ ଶେଷ କରିବେ କି?,ਸ਼ੇਅਰਚੈਟ ਲਾਈਵ ਖ਼ਤਮ ਕਰੋ?,शेयरचैट लाइव खत्म करो?,ஷேர்சாட் லைவை முடிக்க வேண்டுமா?,شیئر چیٹ لائیو ختم کریں؟,
end_live_stream_viewer_header,Leave Sharechat Live?,শ্বেয়াৰচাট লাইভ এৰিব বিচাৰিছে?,শেয়ারচ্যাট লাইভ লিভ করতে চান? ,शेयरचैट लाइव छोड़ीं?,શેરચેટ લાઇવ છોડવું છે?,शेयरचैट लाइव छोड़ें?,शेयरचैट लाइव छोड़ें?,ಶೇರ್‌ಚಾಟ್ ಲೈವ್ ತೊರೆಯಲು ಬಯಸುವಿರಾ?,ഷെയർചാറ്റ് ലൈവ് ലീവ് ചെയ്യണോ?,शेअरचॅट लाईव्ह सोडायचे?,షేర్​చాట్ లైవ్​ వీడాలా?,ଶେୟରଚେଟ୍ ଲାଇଭ୍‌ରୁ ବାହାରି‌ଯାଆନ୍ତୁ,ਸ਼ੇਅਰਚੈਟ ਲਾਈਵ ਛੱਡੋ?,शेयरचैट लाइव छोड़ो?,ஷேர்சாட் லைவில் இருந்து வெளியேற வேண்டுமா?,شیئر چیٹ لائیو چھوڑیں؟,
end_live_stream_desc,Are you sure you want to end this livestream?,সঁচাকৈয়ে আপুনি এই লাইভষ্ট্ৰীমটো শেষ কৰিব বিচাৰিছে নে?,লাইভস্ট্রিম শেষ করার বিষয়ে আপনি নিশ্চিত? ,का रउवा वाकई इ लाइवस्ट्रीम के खत्म करल चाहत बानी?,શું તમે ખરેખર આ લાઇવસ્ટ્રીમ પૂરું કરવા માંગો છો?,के थाम वाकई इस लाइवस्ट्रीम नै खत्म करणा चाहो सो?,क्या आप वाकई इस लाइवस्ट्रीम को खत्म करना चाहते हैं?,ಈ ಲೈವ್‌ಸ್ಟ್ರೀಮ್ ಅನ್ನು ಕೊನೆಗೊಳಿಸಲು ನೀವು ಖಚಿತವಾಗಿ ಬಯಸುವಿರಾ?,നിങ്ങൾക്ക് ഈ  ലൈവ് സ്ട്രീം അവസാനിപ്പിക്കണം എന്നുറപ്പാണോ?,तुम्‍हाला खात्री आहे की तुम्‍हाला हे लाईव्हस्ट्रीम संपवायचे आहे?,మీరు నిజంగానే ఈ లైవ్​స్ట్రీమ్ ముగించాలని నిర్ణయించుకున్నారా?,ଆପଣ ନିଶ୍ଚିତ କି ଆପଣ ଏହି ଲାଇଭଷ୍ଟ୍ରୀମକୁ ଶେଷ କରିବାକୁ ଚାହୁଁଛନ୍ତି?,ਕੀ ਤੁਸੀਂ ਯਕੀਨੀ ਤੌਰ 'ਤੇ ਇਸ ਲਾਈਵਸਟ੍ਰੀਮ ਨੂੰ ਖ਼ਤਮ ਕਰਨਾ ਚਾਹੁੰਦੇ ਹੋ?,कांई आप वाकई इ लाइवस्ट्रीम ने खत्म करणो चाहो हो?,இந்த லைவ்ஸ்ட்ரீமை நிச்சயமாக முடிக்க விரும்புகிறீர்களா?,کیا آپ واقعی اس لائیواسٹریم کو ختم کرنا چاہتے ہیں؟,
end_live_stream_viewer_sub_header,Are you sure you want to stop watching Sharechat Live?,সঁচাকৈয়ে আপুনি শ্বেয়াৰচাট লাইভ চোৱা বন্ধ কৰিব বিচাৰিছে নে?,"শেয়ারচ্যাট লাইভ দেখবেন না, আপনি নিশ্চিত তো?",का रउवा वाकई शेयरचैट लाइव देखल बंद करल चाहत बानी?,શું તમે ખરેખર શેરચેટ લાઈવ જોવાનું બંધ કરવા માંગો છો?,के थाम वाकई शेयरचैट लाइव देखणा बंद करणा चाहो सो?,क्या आप वाकई शेयरचैट लाइव देखना बंद करना चाहते हैं?,ಶೇರ್‌ಚಾಟ್ ಲೈವ್ ವೀಕ್ಷಿಸುವುದನ್ನು ನಿಲ್ಲಿಸಲು ನೀವು ಖಚಿತವಾಗಿ ಬಯಸುವಿರಾ?,ഷെയർചാറ്റ് ലൈവ് കാണുന്നത് അവസാനിപ്പിക്കണം എന്നുറപ്പാണോ?,तुमची खात्री आहे की तुम्ही शेअरचॅट लाईव्ह पाहणे थांबवू इच्छिता?,మీరు నిజంగానే షేర్​చాట్​ లైవ్​ చూడటం ముగించాలనుకుంటున్నారా?,ଆପଣ ନିଶ୍ଚିତ କି ଆପଣ ଶେୟରଚେଟ୍ ଲାଇଭ୍ ଦେଖିବା ବନ୍ଦ କରିବାକୁ ଚାହୁଁଛନ୍ତି?,ਕੀ ਤੁਸੀਂ ਯਕੀਨੀ ਤੌਰ 'ਤੇ ਸ਼ੇਅਰਚੈਟ ਲਾਈਵ ਦੇਖਣਾ ਬੰਦ ਕਰਨਾ ਚਾਹੁੰਦੇ ਹੋ?,कांई आप वाकई शेयरचैट लाइव देखणो बंद करणो चाहो हो?,ஷேர்சாட் லைவ் பார்ப்பதை நிறுத்த வேண்டுமா?,کیا آپ واقعی شیئرچیٹ لائیو دیکھنا بند کرنا چاہتے ہیں؟,
end_live_stream_host_sub_header,%s users are watching the live streaming,%s ইউজাৰ্চে লাইভ ষ্ট্ৰীমিং চাই আছে,%s ইউজাররা লাইভ স্ট্রিমিং দেখছেন ,%s यूजर्स लाइव स्ट्रीमिंग देख रहल बाड़ं,%s યુઝર્સ લાઇવ સ્ટ્રીમિંગ જોઈ રહ્યાં છે,%s यूजर्स लाइव स्ट्रीमिंग देखण लाग रहे सै,%s यूजर्स लाइव स्ट्रीमिंग देख रहे हैं,%s ಯೂಸರ್ಸ್ ಲೈವ್ ಸ್ಟ್ರೀಮಿಂಗ್ ವೀಕ್ಷಿಸುತ್ತಿದ್ದಾರೆ,%s യൂസേഴ്സ് ആണ് ലൈവ്  സ്ട്രീമിംഗ് കാണുന്നത്,%s युझर्स लाईव्हस्ट्रीमिंग पाहत आहेत,%s యూజర్లు లైవ్​ స్ట్రీమింగ్ చూస్తున్నారు,%s ୟୁଜର ଲାଇଭ୍ ଷ୍ଟ୍ରୀମିଂ ଦେଖୁଛନ୍ତି,%s ਯੂਜ਼ਰਸ ਲਾਈਵ ਸਟ੍ਰੀਮਿੰਗ ਦੇਖ ਰਹੇ ਹਨ,%s यूजर्स लाइव स्ट्रीमिंग देख रिया है,%s பயனர்கள் லைவ் ஸ்ட்ரீமிங்கைப் பார்க்கிறார்கள்,%s یوزرس لائیو اسٹریمنگ دیکھ رہے ہیں,
end_live_stream_host_single_viewer_sub_header,%s user is watching the live streaming,%s ইউজাৰে লাইভ ষ্ট্ৰীমিং চাই আছে,%s ইউজার লাইভ স্ট্রিমিং দেখছেন,%s यूजर लाइव स्ट्रीमिंग देख रहल बाड़ं,%s યુઝર્સ લાઇવ સ્ટ્રીમિંગ જોઈ રહ્યો છે,%sयूजर्स लाइव स्ट्रीमिंग देखण लाग रहे सै ,%s यूजर लाइव स्ट्रीमिंग देख रहा है,%s ಯೂಸರ್ಸ್ ಲೈವ್ ಸ್ಟ್ರೀಮಿಂಗ್ ವೀಕ್ಷಿಸುತ್ತಿದ್ದಾರೆ,%s യൂസേഴ്സ് ലൈവ്  സ്ട്രീമിംഗ് കാണുന്നു,%s युझर लाईव्हस्ट्रीमिंग पाहत आहेत,%s యూజర్ లైవ్​ స్ట్రీమింగ్ చూస్తున్నారు,%s ୟୁଜର ଏହି ଲାଇଭ୍ ଷ୍ଟ୍ରୀମିଂ ଦେଖୁଛନ୍ତି,%s ਯੂਜ਼ਰਸ ਲਾਈਵ ਸਟ੍ਰੀਮਿੰਗ ਦੇਖ ਰਿਹਾ ਹੈ,%s यूजर लाइव स्ट्रीमिंग देख रिया है,%s பயனர் லைவ் ஸ்ட்ரீமிங்கைப் பார்க்கிறார்,%s یوزر لائیو اسٹریمنگ دیکھ رہے ہیں,
potential_co_host_left,has left the live ,লাইভ এৰি গৈছে,লাইভ ছেড়ে বেরিয়ে গিয়েছেন ,लाइव छोड़ दिहलन,લાઇવ છોડી દીધું છે,नै लाइव छोड़ दिया सै ,ने लाइव छोड़ दिया है,ಲೈವ್ ತೊರೆದಿದ್ದಾರೆ,ലൈവ് ലെഫ്റ്റ് ആയി,ने लाईव्ह सोडले आहे,లైవ్​ను వీడారు,ଲାଇଭ୍ ଛାଡ଼ି ପଳାଛନ୍ତି,ਲਾਈਵ ਛੱਡ ਦਿੱਤਾ ਹੈ,ने लाइव छोड़ दियो है,லைவில் இருந்து வெளியேறிவிட்டார் ,لائیو چھوڑ دیا ہے,
co_host_visible_to_audience,\@%1$s is now visible to your audience,@%1$s-ক এতিয়া আপোনাৰ দৰ্শক চাব পাৰিব,\@%1$s কে আপনার দর্শকরা দেখতে পাচ্ছেন ,\@%1$s अब राउर ऑडियंस खातिर विज़िबल बा,\@%1$s ને હવે તમારી ઓડિયન્સ જોઇ શકે છે,\@%1$s ईब थारी ऑडियंस खात्तर विज़िबल सै,\@%1$s अब आपकी ऑडियंस के लिए विज़िबल है,ನಿಮ್ಮ ಪ್ರೇಕ್ಷಕರು ಈಗ @%1$ ಅನ್ನು ವೀಕ್ಷಿಸಬಹುದು,നിങ്ങളുടെ ഓഡിയൻസിന് \@%1$s ഇപ്പോൾ വിസിബിൾ ആണ്.,\@%1$s आता तुमच्या प्रेक्षकांसाठी व्हिजिबल आहे,\@%1$s ఇప్పుడు మీ ఆడియన్స్​కు కనిపిస్తుంది,\@%1$s ଏବେ ଆପଣଙ୍କ ଦର୍ଶକଙ୍କ ପାଇଁ ଭିଜିବଲ ହେଉଛି,\@%1$s ਹੁਣ ਤੁਹਾਡੀ ਆਡੀਅੰਸ ਲਈ ਵਿਜ਼ੀਬਲ ਹੈ,\@%1$s अब आपरी ऑडियंस खातिर विज़िबल है,\@%1$s இப்போது உங்கள் பார்வையாளர்களுக்குத் தெரியும்,\@%1$s اب آپ کے ناظرین کے لیے ویزیبل ہے,
co_host_preview_auto_accepted,"Preview auto accepted, \@%1$s is now visible to your audience","প্ৰীভিউ অটো এক্সপ্টেড হৈ আছে, \@%1$s -ক এতিয়া আপোনাৰ দৰ্শক চাব পাৰিব","প্রিভিউ নিজের থেকে অ্যাক্সেপ্ট হয়ে গিয়েছে, \@%1$s কে আপনার দর্শকরা দেখতে পাচ্ছেন ",प्रिव्यू ऑटो स्वीकार कर लिहल गइल बा \@%1$s अब राउर ऑडियंस खातिर विज़िबल बा,પ્રિવ્યૂ આપમેળે સ્વિકરી લેવાયું છે: \@%1$s ને હવે તમારી ઓડિયન્સ જોઇ શકે છે,"प्रिव्यू ऑटो स्वीकार कर लिया गया सै, \@%1$s ईब थारी ऑडियंस खात्तर विज़िबल सै","प्रिव्यू ऑटो स्वीकार कर लिया गया है, \@%1$s अब आपकी ऑडियंस के लिए विज़िबल है","ಪ್ರಿವೀವ್ ಸ್ವಯಂ ಸ್ವೀಕರಿಸಲಾಗಿದೆ, \@%1$s ಈಗ ನಿಮ್ಮ ಪ್ರೇಕ್ಷಕರಿಗೆ ಗೋಚರಿಸುತ್ತದೆ","പ്രിവ്യൂ ഓട്ടോമാറ്റിക്കായി ആക്സെപ്റ്റ് ആയി, \@%1$s ഇപ്പോൾ നിങ്ങളുടെ ഓഡിയൻസിന് വിസിബിൾ ആണ്. ","प्रिव्ह्यू स्वीकारले गेले आहे, \@%1$s आता आपल्या प्रेक्षकांना व्हिजिबल आहे","ప్రివ్యూ ఆటో ఆమోదించబడింది, \@%1$s ఇప్పుడు మీ ప్రేక్షకులకు కనిపిస్తుంది","ପ୍ରିଭ୍ୟୁ ଅଟୋମେଟିକ୍ ଆସେପ୍ଟ ହୋଇଯିବ, \@%1$s ଏବେ ଆପଣଙ୍କ ଦର୍ଶକଙ୍କ ପାଇଁ ଭିଜିବଲ ହେଉଛି","ਪ੍ਰੀਵਿਉ ਆਟੋ ਸਵੀਕਾਰ ਕੀਤਾ ਗਿਆ, \@%1$s ਹੁਣ ਤੁਹਾਡੇ ਆਡੀਅੰਸ ਲਈ ਵਿਜ਼ੀਬਲ ਹੈ","प्रिव्यू ऑटो स्वीकार कर लियो गयो है, \@%1$s अब आपरी ऑडियंस खातिर विज़िबल है","முன்னோட்டம் தானாக ஏற்றுக்கொள்ளப்பட்டது, \@%1$s இப்போது உங்கள் பார்வையாளர்களுக்குத் தெரியும்",پریویو خودکار طور پر قبول کر لیا گیا ہے، \@%1$s اب آپ کے سامعین کے لیے ویزیبل ہے,
co_host_has_left_the_live,\@%1$s has left the live,@%1$s -এ লাইভ এৰি গৈছে,\@%1$s লাইভ ছেড়ে বেরিয়ে গিয়েছেন ,\@%1$s लाइव छोड़ दिहले बाड़ं,\@%1$s એ લાઇવ છોડી દીધું છે,\@%1$s नै लाइव छोड़ दिया सै,\@%1$s ने लाइव छोड़ दिया है,\@%1$s ಅವರು ಲೈವ್ ತೊರೆದಿದ್ದಾರೆ,\@%1$s ലൈവ് ലെഫ്റ്റ് ആയിരിക്കുന്നു,\@%1$s ने लाईव्ह सोडले आहे,\@%1$s లైవ్​ను వీడారు,\@%1$s ଲାଇଭ୍ ଛାଡ଼ିଦେଇଛନ୍ତି,\@%1$s ਨੇ ਲਾਈਵ ਛੱਡ ਦਿੱਤਾ ਹੈ,\@%1$s ने लाइव छोड़ दियो है,\@%1$s லைவிலிருந்து வெளியேறினார்,\@%1$s نے لائیو چھوڑ دیا ہے,
co_host_s_preview,Co-Host\'s Preview,সহ-হোষ্ট প্ৰীভিউ,সহকারি-হোস্টের প্রিভিউ ,को-होस्ट\ प्रिव्यू ,કો-હોસ્ટ\ નું પ્રિવ્યૂ,को-होस्ट\ प्रिव्यू,को-होस्ट\ प्रिव्यू ,ಕೋ-ಹೋಸ್ಟ್‌ನ ಪ್ರಿವೀವ್,കോ - ഹോസ്റ്റ്/ന്റെ പ്രീവ്യൂ ,को-होस्ट/प्रिव्ह्यू ,కో-హోస్ట్​ ప్రివ్యూ,କୋ-ହୋଷ୍ଟ\ଙ୍କ ପ୍ରିଭ୍ୟୁ,ਕੋ ਹੋਸਟ\ਪ੍ਰੀਵਿਉ ,को-होस्ट\ प्रिव्यू,கோ-ஹோஸ்டின் முன்னோட்டம்,کو ہوسٹ کا پریویو,
host_removed_you_from_live,Host removed you from Live,হোষ্টে আপোনাক লাইভৰ পৰা ৰিমুভ কৰিছে,হোস্ট আপনাকে লাইভ থেকে রিমুভ করেছেন ,होस्ट रउवा के लाइव से हटा दिहले बाड़ं,હોસ્ટે તમને લાઇવમાંથી દૂર કર્યા છે,होस्ट नै थाम लाइव तै हटा दिये सो,होस्ट ने आपको लाइव से हटा दिया,ಹೋಸ್ಟ್ ನಿಮ್ಮನ್ನು ಲೈವ್‌ನಿಂದ ತೆಗೆದುಹಾಕಿದ್ದಾರೆ,ലൈവിൽ നിന്നും നിങ്ങളെ ഹോസ്റ്റ് റിമൂവ് ചെയ്തിരിക്കുന്നു,होस्टने तुम्हाला लाईव्हमधून काढले,హోస్ట్ మిమ్మల్ని లైవ్​నుంచి తొలగించారు,ହୋଷ୍ଟ ଆପଣଙ୍କୁ ଲାଇଭରୁ ହଟାଇଦେଲେ,ਹੋਸਟ ਨੇ ਤੁਹਾਨੂੰ ਲਾਈਵ ਤੋਂ ਹਟਾ ਦਿੱਤਾ ਹੈ,होस्ट आप ने लाइव स्यूं हटा दियो है,ஹோஸ்ட் உங்களை லைவில் இருந்து அகற்றினார்,ہوسٹ نے آپ کو لائیو سے ہٹا دیا ہے,
new_co_host_trying_to_join_live,New cohost trying to join the live. Exit PIP to view,নতুন সহ-হোষ্টে লাইভত জইন কৰাৰ চেষ্টা কৰি আছে। চাবলৈ PIPৰ পৰা ওলাই আহক,নতুন সহকারি-হোস্ট লাইভে যোগ দেওয়ার চেষ্টা করছেন। দেখার জন্য PIP থেকে বেরিয়ে যান ,नया को-होस्ट लाइव के जॉइन कइले के प्रयास कर रहल बाड़ं। देखे खातिर PIP से बाहर निकलीं,નવા કો-હોસ્ટ લાઇવમાં જોડાવાનો પ્રયાસ કરી રહ્યાં છે. જોવા માટે PIP થી બહાર નીકળો,"
नया को-होस्ट लाइव ज्वाइन करण की कोशिश करण लाग रहा सै। देखण खात्तर PIP तै बाहर निकलो  ",नया को-होस्ट लाइव को जॉइन करने का प्रयास कर रहा है। देखने के लिए PIP से बाहर निकलें,ಹೊಸ ಕೋಹೋಸ್ಟ್ ಲೈವ್‌ಗೆ ಜಾಯಿನ್ ಆಗಲು ಪ್ರಯತ್ನಿಸುತ್ತಿದ್ದಾರೆ. ವೀಕ್ಷಿಸಲು PIP ಯಿಂದ ನಿರ್ಗಮಿಸಿ,പുതിയ കോ - ഹോസ്റ്റ് ലൈവിൽ ജോയിൻ ചെയ്യാൻ ട്രൈ ചെയ്യുന്നു. കാണാനായി PIP-ൽ നിന്ന്  എക്സിറ്റ് ആകൂ,नवीन को-होस्ट लाईव्हमध्ये सामील होण्याचा प्रयत्न करत आहे. पाहण्यासाठी PIP मधून बाहेर पडा,ఇప్పుడు కో-హోస్ట్ లైవ్​లో జాయిన్ అయ్యేందుకు ప్రయత్నిస్తున్నారు. చూసేందుకు PIP నుంచి ఎగ్జిట్ అవండి,ଲାଇଭରେ ଜଏନ୍ କରିବାକୁ ଚେଷ୍ଟା କରୁଥିବା ନୂଆ କୋ-ହୋଷ୍ଟ। ଦେଖିବା ପାଇଁ PIP ଛାଡ଼ନ୍ତୁ।,ਨਵਾਂ ਕੋ-ਹੋਸਟ ਲਾਈਵ ਵਿੱਚ ਸ਼ਾਮਲ ਹੋਣ ਦੀ ਕੋਸ਼ਿਸ਼ ਕਰ ਰਿਹਾ ਹੈ। ਦੇਖਣ ਲਈ PIP ਤੋਂ ਬਾਹਰ ਜਾਓ,नयो को-होस्ट लाइव ने जॉइन करबा की कोशिश कर रियो है। देखबा खतिर PIP स्यूं बाहर निकळो,புதிய கோ-ஹோஸ்ட் நேரலையில் சேர முயற்சிக்கிறார். பார்க்க PIP'ஐ விட்டு வெளியேறவும்,نیا کو ہوسٹ لائیو میں شامل ہونے کی کوشش کر رہا ہے۔ دیکھنے کے لیے PIP سے باہر نکلیں,
co_host_auto_accepted_due_to_no_response,Cohost auto-accepted due to no response,কোনো সঁহাৰি নোপোৱাৰ বাবে সহ-হোষ্টে নিজে এক্সেপ্ট কৰিছে,কোনও প্রতিক্রিয়া না পাওয়ার জন্য সহকারি-হোস্টকে নিজের থেকেই অ্যাক্সেপ্ট করা হয়েছে,कवनो प्रतिक्रिया ना होखला के कारण को होस्ट के खुद से स्वीकार कर लिहल गइल बा,કોઈ જવાબ ન મળવાને કારણે કોહોસ્ટનો ઓટો સ્વીકાર કરી લેવાયો છે,कोई प्रतिक्रिया नहीं होण के कारण कोहोस्ट ऑटो- स्वीकार कर लिया गया सै ,कोई प्रतिक्रिया नहीं होने के कारण कोहोस्ट को खुद से स्वीकार कर लिया गया है,ಯಾವುದೇ ಪ್ರತಿಕ್ರಿಯೆಯಿಲ್ಲದ ಕಾರಣ ಕೋಹೋಸ್ಟ್ ಗೆ ಸ್ವಯಂ-ಸಮ್ಮತಿಸಲಾಗಿದೆ,പ്രതികരണമില്ലാത്തതിനാൽ കോ- ഹോസ്റ്റ് ഓട്ടോമാറ്റിക്കായി ആക്സപ്റ്റ് ആയി,प्रतिसाद न मिळाल्यामुळे को-होस्टला ऑटोमॅटिक स्वीकारले गेले ,ప్రతిస్పందన లేకపోవడం వల్ల కో-హోస్ట్​ ఆటోమేటిగ్​గా ఆమోదించబడింది,କୌଣସି ରିଆକ୍ସନ୍‌ ନଥିବାରୁ କୋ-ହଷ୍ଟ ଅଟୋ-ଆସେପ୍ଟେଡ୍,ਕੋਈ ਜਵਾਬ ਨਾ ਮਿਲਣ ਕਾਰਨ ਕੋ-ਹੋਸਟ ਨੂੰ ਆਟੋ-ਸਵੀਕਾਰ ਕੀਤਾ ਗਿਆ,कोई प्रतिक्रिया कोनि होबा के कारण को होस्ट ने खुद स्यूं स्वीकार कर लियो है,பதில் இல்லாததால் கோ-ஹோஸ்ட் தானாக ஏற்கப்பட்டது,کوئی جواب نہ آنے کی وجہ سے کو ہوسٹ کو خودکار طور پر قبول کر لیا گیا ہے,
quit_live_stream,Quit live video with %s,%s সৈতে লাইভ ভিডিঅ' এৰক,%s-এর সঙ্গে লাইভ ভিডিও ছেড়ে বেরিয়ে যান ,%s के साथ लाइव वीडियो खत्म करीं,%s સાથે લાઇવ વિડિઓ પૂરો કરો,%s के गेल लाइव वीडियो खत्म करो,%s के साथ लाइव वीडियो खत्म करें,%s ಜೊತೆಗೆ ಲೈವ್ ವಿಡಿಯೋವನ್ನು ತ್ಯಜಿಸಿ,%s നൊപ്പം ലൈവ്  വീഡിയോ ക്വിറ്റ് ചെയ്യൂ,%s सह चालू असलेला लाईव्ह व्हिडीओ सोडा,%s తో లైవ్ వీడియో​ వీడండి,%s ଙ୍କ ସହିତ ଲାଇଭ୍ ଭିଡିଓରୁ ବାହାରକୁ ଯାଆନ୍ତୁ,%s ਨਾਲ ਲਾਈਵ ਵੀਡੀਓ ਬੰਦ ਕਰੋ,%s रे साथ लाइव वीडियो स्यूं बाहर निकळो,%s உடன் லைவ்  வீடியோவிலிருந்து வெளியேறு,%s کے ساتھ لائیو ویڈیو چھوڑیں,
quit_live_stream_desc,"""Stream will end and you can still continue to watch the live streaming. ""","""ষ্ট্ৰীম শেষ হ'ব আৰু আপুনি এতিয়াও লাইভ ষ্ট্ৰীমিং চোৱা অব্যাহত ৰাখিব পাৰে""","""স্ট্রিম শেষ হয়ে যাবে তবে আপনি এখনও লাইভ স্ট্রিমিং দেখা চালিয়ে যেতে পারবেন।""",स्ट्रीम खत्म हो जाई अउर रउवा अभी भी लाइव स्ट्रीमिंग देखल जारी रख सकेनी।,"""સ્ટ્રીમ સમાપ્ત થઈ જશે છતા પણ તમે લાઇવ સ્ટ્રીમિંગ જોવાનું ચાલુ રાખી શકો છો.""",स्ट्रीम खत्म हो जावैगी अर थाम ईब भी लाइव स्ट्रीमिंग देखणा जारी रख सको सो।,स्ट्रीम खत्म हो जाएगी और आप अभी भी लाइव स्ट्रीमिंग देखना जारी रख सकते हैं।,"ಸ್ಟ್ರೀಮ್ ಕೊನೆಗೊಳ್ಳುತ್ತದೆ ಮತ್ತು ನೀವು ಇನ್ನೂ ಲೈವ್ ಸ್ಟ್ರೀಮಿಂಗ್ ವೀಕ್ಷಿಸುವುದನ್ನು ಮುಂದುವರಿಸಬಹುದು.""","""സ്ട്രീം അവസാനിച്ചാലും, നിങ്ങൾക്ക് ഇപ്പോഴും ലൈവ് സ്ട്രീമിംഗ് കാണുന്നത് തുടരാം.""",स्ट्रीम समाप्त होईल आणि तुम्ही तरीही लाईव्हस्ट्रीमिंग पाहणे सुरू ठेवू शकता.,"""స్ట్రీమ్​ ముగుస్తుంది మరియు మీరు లైవ్​ స్ట్రీమింగ్ చూడటం కొనసాగించవచ్చు""",ଷ୍ଟ୍ରୀମ୍ ସରିଯିବ ଏବଂ ଆପଣ ତଥାପି ଲାଇଭ୍ ଷ୍ଟ୍ରୀମିଂ ଦେଖିବା ଜାରି ରଖିପାରିବେ,ਸਟ੍ਰੀਮ ਖਤਮ ਹੋ ਜਾਵੇਗੀ ਅਤੇ ਤੁਸੀਂ ਅਜੇ ਵੀ ਲਾਈਵ ਸਟ੍ਰੀਮਿੰਗ ਦੇਖਣਾ ਜਾਰੀ ਰੱਖ ਸਕਦੇ ਹੋ।,स्ट्रीम खत्म हो जावेगी और आप अभी भी लाइव स्ट्रीमिंग देखणो जारी राख सको हो।,"""ஸ்ட்ரீம் முடிவடையும், நீங்கள் தொடர்ந்து லைவ் ஸ்ட்ரீமிங்கைப் பார்க்கலாம்.""","""اسٹریم ختم ہو جائے گا، تب بھی آپ لائیو اسٹریمنگ دیکھنا جاری رکھ سکتے ہیں۔""",
streaming_on_pause,Your live streaming is on pause,আপোনাৰ লাইভ ষ্ট্ৰীমিং মাজতে ৰৈ গৈছে,আপনার লাাইভ স্ট্রিমিং থেমে গিয়েছে ,राउर लाइव स्ट्रीमिंग रुकल बा,તમારું લાઇવ સ્ટ્રીમિંગ રોકાયેલું છે,थारी लाइव स्ट्रीमिंग रुकी होई सै,आपकी लाइव स्ट्रीमिंग रुकी हुई है,ನಿಮ್ಮ ಲೈವ್ ಸ್ಟ್ರೀಮಿಂಗ್ ಮಧ್ಯದಲ್ಲಿ ನಿಂತಿದೆ,നിങ്ങളുടെ ലൈവ് സ്ട്രീമിംഗ് ഇപ്പോൾ പോസ് ആണ്.,तुमचे लाईव्हस्ट्रीमिंग पॉज केले गेले आहे,మీ లైైవ్​ స్ట్రీమింగ్ పాజ్​లో ఉంది,ଆପଣଙ୍କର ଲାଇଭ୍ ଷ୍ଟ୍ରୀମିଂ ପଜ୍ କରାଯାଇଛି,ਤੁਹਾਡੀ ਲਾਈਵ ਸਟ੍ਰੀਮਿੰਗ ਰੁਕੀ ਹੋਈ ਹੈ,आपरी लाइव स्ट्रीमिंग रुकी हुई है,உங்கள் லைவ் ஸ்ட்ரீமிங் இடைநிறுத்தப்பட்டுள்ளது,آپ کی لائیو سٹریمنگ پاز ہے,
join_back,Join back ,পুনৰ জইন কৰক,আবার জয়েন করুন ,वापस जॉइन करीं,પાછા જોઇન કરો,दोबारा ज्वाइन करो,वापस जॉइन करें,ಮರಳಿ ಜಾಯಿನ್ ಆಗಿ,തിരികെ ജോയിൻ ചെയ്യൂ,पुन्हा जॉईन करा,తిరిగి జాయిన్ అవండి,ପୁଣି ଜଏନ୍‌ କରନ୍ତୁ,ਵਾਪਸ ਸ਼ਾਮਲ ਹੋਵੋ,वापस जॉइन करो,மீண்டும் இணையவும் ,واپس شامل ہوں,
join_back_desc,You can join back the live streaming.\n%s viewers are watching the live streaming.,আপুনি লাইভ ষ্ট্ৰীমিঙত পুনৰ জইন কৰিব পাৰিব। \n%s ভিউৱাৰে লাইভ ষ্ট্ৰীমিং চাই আছে,আপনি আবার লাইভ স্ট্রিমিংয়ে যোগ দিতে পারেন৷\n%s দর্শক লাইভ স্ট্রিমিং দেখছেন৷,रउवा लाइव स्ट्रीमिंग के वापस जॉइन कर सकेनी। \n%s दर्शक लाइव स्ट्रीमिंग देख रहल बाड़ं।,તમે લાઈવ સ્ટ્રીમિંગમાં પાછા જોડાઈ શકો છો.\n%s દર્શકો લાઈવ સ્ટ્રીમિંગ જોઈ રહ્યાં છે.,थाम लाइव स्ट्रीमिंग नै दोबारा ज्वाइन कर सको सो। \n%s व्यूवर्स लाइव स्ट्रीमिंग देखण लाग रहे सै।,आप लाइव स्ट्रीमिंग को वापस जॉइन कर सकते हैं। \n%s दर्शक लाइव स्ट्रीमिंग देख रहे हैं।,ನೀವು ಲೈವ್ ಸ್ಟ್ರೀಮಿಂಗ್ ಅನ್ನು ಮರಳಿ ಜಾಯಿನ್ ಆಗಬಹುದು.\n%s ವೀಕ್ಷಕರು ಲೈವ್ ಸ್ಟ್ರೀಮಿಂಗ್ ಅನ್ನು ವೀಕ್ಷಿಸುತ್ತಿದ್ದಾರೆ.,നിങ്ങൾക്ക് ലൈവ്  സ്ട്രീമിംഗിൽ തിരികെ ജോയിൻ ചെയ്യാം.\n%s വ്യൂവേർസ് ലൈവ്  സ്ട്രീമിംഗ് കാണുന്നു.,तुम्ही पुन्हा लाईव्हस्ट्रीमिंगमध्ये सामील होऊ शकता.\n%s व्ह्यूअर्स लाईव्हस्ट्रीमिंग पाहत आहेत.,మీరు లైవ్​ స్ట్రీమ్​లో మళ్లీ జాయిన్ అవ్వచ్చు. \n%s మంది లైవ్​ స్ట్రీమింగ్​ చూస్తున్నారు.,ଆପଣ ଲାଇଭ୍ ଷ୍ଟ୍ରିମିଂରେ ପୁଣି ଜଏନ୍‌ କରିପାରିବେ। \n%s ଦର୍ଶକ ଲାଇଭ୍ ଷ୍ଟ୍ରୀମିଂ ଦେଖୁଛନ୍ତି।,ਤੁਸੀਂ ਲਾਈਵ ਸਟ੍ਰੀਮਿੰਗ ਵਿੱਚ ਵਾਪਸ ਸ਼ਾਮਲ ਹੋ ਸਕਦੇ ਹੋ।\n%s ਦਰਸ਼ਕ ਲਾਈਵ ਸਟ੍ਰੀਮਿੰਗ ਦੇਖ ਰਹੇ ਹਨ।,आप लाइव स्ट्रीमिंग ने वापस जॉइन कर सको हो। \n%s दर्शक लाइव स्ट्रीमिंग देख रिया है।,லைவ் ஸ்ட்ரீமிங்கில் நீங்கள் மீண்டும் சேரலாம்.\n%s பார்வையாளர்கள் லைவ் ஸ்ட்ரீமிங்கைப் பார்க்கிறார்கள்.,آپ دوبارہ لائیو اسٹریمنگ میں شامل ہو سکتے ہیں۔\n%s ناظرین لائیو اسٹریمنگ دیکھ رہے ہیں,
unknown_users_title,%d Unknown users,%d অচিনাকী ইউজাৰে,%d অচেনা ইউজার ,%d अनजान यूजर्स,%d અજાણ્યા યુઝર્સ,%d अनजान यूजर्स,%d अनजान यूजर्स,"
%d ಅಪರಿಚಿತ ಯೂಸರ್ಸ್",%d അൺനോൺ യൂസേഴ്സ് ,%d अज्ञात युझर्स ,%d తెలియని యూజర్స్​,%d ଅଜଣା ୟୁଜର,%d ਅਣਜਾਣ ਯੂਜ਼ਰਸ,%d अनजान यूजर्स,%d தெரியாத பயனர்கள்,%d نامعلوم یوزرس,
unknown_users_subtitle,Are watching your Sharechat Live.,আপোনাৰ শ্বেয়াৰচাট লাইভ চাই আছে,আপনি কী শেয়ারচ্যাট লাইভ দেখছেন? ,राउर शेयरचैट लाइव देख रहल बाड़ं।,તમારું શેરચેટ લાઈવ જોઈ રહ્યાં છે.,थारा शेयरचैट लाइव देखण लाग रहे सै।,आपका शेयरचैट लाइव देख रहे हैं।,ನಿಮ್ಮ ಶೇರ್‌ಚಾಟ್ ಲೈವ್ ವೀಕ್ಷಿಸುತ್ತಿದ್ದಾರೆ.,നിങ്ങളുടെ ഷെയർചാറ്റ് ലൈവ് കാണുന്നു,तुमचे शेअरचॅट लाईव्ह पाहत आहात.,మీ షేర్​చాట్ లైవ్​  చూస్తున్నారు,ଆପଣ ଶେୟରଚେଟ୍ ଲାଇଭ୍ ଦେଖୁଛନ୍ତି,ਤੁਹਾਡਾ ਸ਼ੇਅਰਚੈਟ ਲਾਈਵ ਦੇਖ ਰਹੇ ਹਨ।,आपरो शेयरचैट लाइव देख रिया है।,உங்கள் ஷேர்சாட் லைவை பார்க்கிறார்கள் ,آپ کا شیئرچیٹ لائیو دیکھ رہے ہیں,
sending_request,Sending Request…,ৰিকুৱেষ্ট পঠিওৱা হৈছে...,রিক্যুয়েস্ট সেন্ড করা হয়েছে ,रिक्वेस्ट भेज रहल बाड़ं...,રિક્વેસ્ટ મોકલી રહ્યા છે...,रिक्वेस्ट भेजण लाग रहे सै...,रिक्वेस्ट भेज रहे हैं...,ರಿಕ್ವೆಸ್ಟ್ ಕಳುಹಿಸಲಾಗುತ್ತಿದೆ...,റിക്വസ്റ്റ് അയക്കുന്നു...,रिक्वेस्ट पाठवत आहोत,రిక్వెస్ట్ పంపించబడుతోంది,ରିକ୍ବେଷ୍ଟ ପଠାଯାଉଛି…,ਰਿਕੁਐਸਟ ਭੇਜੀ ਜਾ ਰਹੀ ਹੈ...,रिक्वेस्ट भेज रिया है...,ரிக்குவஸ்ட் அனுப்பப்படுகிறது ,ریکویسٹ بھیجی جا رہی ہے…,
request_sent_join_live_accepted_title,%1$s accepted your request to join their live video,%1$s-এ তেওঁৰ লাইভ ভিডিঅ'ত জইন কৰিবলৈ আপুনি কৰা ৰিকুৱেষ্ট এক্সেপ্ট কৰিছে,%1$s তাদের লাইভ ভিডিওতে যোগদান করার জন্য আপনার রিক্যুয়েস্ট অ্যাক্সেপ্ট করেছেন৷,%1$ उनकर लाइव वीडियो जॉइन करे खातिर राउर रिक्वेस्ट के स्वीकार कर लिहले बाड़ं,%1$s એ તેમની લાઇવ વિડિયોમાં જોડાવાની \n તમારી રિક્વેસ્ટ સ્વીકારી લીધી છે,%1$ नै उनका लाइव वीडियो ज्वाइन करण खात्तर थारी रिक्वेस्ट स्वीकार कर ली सै  ,%1$ ने उनका लाइव वीडियो जॉइन करने के लिए आपकी रिक्वेस्ट को स्वीकार कर लिया है ,%1$s ಅವರು ತಮ್ಮ ಲೈವ್ ವಿಡಿಯೋಗೆ ಜಾಯಿನ್ ಆಗಲು ನಿಮ್ಮ ವಿನಂತಿಯನ್ನು ಒಪ್ಪಿಕೊಂಡಿದ್ದಾರೆ,%1$ ലൈവ്  വീഡിയോയിൽ ചേരുന്നതിനുള്ള നിങ്ങളുടെ റിക്വസ്റ്റ് അക്സെപ്റ്റ് ചെയ്തിരിക്കുന്നു.,%1$ ने त्यांच्या लाईव्ह व्हिडीओमध्ये सामील होण्याची तुमची रिक्वेस्ट स्वीकारली आहे,%1$s వారి లైవ్​ వీడియోలో జాయిన్ అయ్యేందుకు మీ రిక్వెస్ట్​ను ఆమోదించారు.,%1$s ତାଙ୍କର ଲାଇଭ୍ ଭିଡିଓରେ ଜଏନ୍‌ କରିବା ପାଇଁ ଆପଣଙ୍କ ରିକ୍ବେଷ୍ଟକୁ ଆସେପ୍ଟ କରିଛନ୍ତି,%1$s ਨੇ ਉਨ੍ਹਾਂ ਦੇ ਲਾਈਵ ਵੀਡੀਓ ਵਿੱਚ ਸ਼ਾਮਲ ਹੋਣ ਲਈ ਤੁਹਾਡੀ ਰਿਕੁਐਸਟ ਸਵੀਕਾਰ ਕਰ ਲਈ ਹੈ ,%1$ ने वाको लाइव वीडियो जॉइन करबा खातिर आपकी रिक्वेस्ट ने स्वीकार कर लियो है,%1$ அவர்களின் லைவ்  வீடியோவில் சேருவதற்கான உங்கள் ரிக்குவஸ்ட்  ஏற்கப்பட்டது,%1$ نے ان کی لائیو ویڈیو میں شامل ہونے کی آپ کی ریکویسٹ قبول کر لی ہے,
request_sent_join_live_title,%1$s invited you to join their live video,%1$s-এ আপোনাক তেওঁৰ লাইভ ভিডিঅ'ত জইন কৰিবলৈ ইনভাইট কৰিছে,%1$s আপনাকে তাদের লাইভ ভিডিওতে জয়েন করার জন্য ইনভাইট করেছেন৷,%1$s रउवा के उनकर लाइव वीडियो जॉइन करे खातिर इन्वाइट कइले बाड़ं,%1$s એ તમને તેમની લાઇવ વિડિઓમાં જોડાવવા માટે ઇન્વાઇટ કર્યા છે,%1$s नै थारै को उनका लाइव वीडियो ज्वाइन करण खात्तर इन्वाइट करे सो,%1$s ने आपको उनका लाइव वीडियो जॉइन करने के लिए इन्वाइट किया है ,"
%1$s ಅವರು ತಮ್ಮ ಲೈವ್ ವಿಡಿಯೋಗೆ ಜಾಯಿನ್ ಆಗಲು ನಿಮ್ಮನ್ನು ಆಹ್ವಾನಿಸಿದ್ದಾರೆ",%1$s നിങ്ങളെ അവരുടെ ലൈവ് വീഡിയോയിൽ ചേരാൻ\n ഇൻവൈറ്റ് ചെയ്തിരിക്കുന്നു.,%1$s ने तुम्हाला त्यांचा लाईव्ह व्हिडिओ जॉईन करण्यासाठी इन्व्हाईट केले आहे ,%1$s వారి లైవ్​ వీడియోలో జాయిన్ అయ్యేందుకు మిమ్మల్ని ఆహ్వానించారు.,%1$s ଆପଣଙ୍କୁ ତାଙ୍କର ଲାଇଭ୍ ଭିଡିଓରେ ଯୋଗଦେବା ପାଇଁ ଇନଭାଇଟ୍ କରିଛନ୍ତିି,%1$s ਨੇ ਤੁਹਾਨੂੰ ਉਨ੍ਹਾਂ ਦੇ ਲਾਈਵ ਵੀਡੀਓ ਵਿੱਚ ਸ਼ਾਮਲ ਹੋਣ ਲਈ ਇਨਵਾਈਟ ਕੀਤਾ ਹੈ,%1$s ने आपने वाको लाइव वीडियो जॉइन करबा खातिर इन्वाइट कियो है ,%1$s அவர்களின் லைவ்  வீடியோவில் சேர உங்களை அழைத்துள்ளார்,%1$s نے آپ کو اپنے لائیو ویڈیو میں شامل ہونے کی دعوت دی ہے,
request_sent_invite_requested_title,Request sent to go live with \n%1$s,\n%1$s-ৰ সৈতে লাইভত হ'বলৈ ৰিকুৱেষ্ট চেণ্ড কৰা হৈছে,\n%1$s-এর সঙ্গে লাইভ করার রিক্যুয়েস্ট সেন্ড করা হয়েছে,\n%1$s के साथ लाइव होखला खातिर रिक्वेस्ट भेज दिहल गइल बा,\n%1$s સાથે લાઇવ થવા માટે રિક્વેસ્ટ મોકલાઇ,\n%1$s के गेल लाइव होण खात्तर रिक्वेस्ट भेज दी सै,\n%1$s के साथ लाइव होने के लिए रिक्वेस्ट भेज दी है ,\n%1$s ಜೊತೆಗೆ ಲೈವ್ ಹೋಗಲು ರಿಕ್ವೆಸ್ಟ್ ಕಳುಹಿಸಲಾಗಿದೆ,\n%1$s  നൊപ്പം ലൈവാകാനുള്ള റിക്വസ്റ്റ് അയച്ചു,\n%1$s सह लाईव्ह जाण्‍याची रिक्वेस्ट पाठवली,\n%1$s లైవ్​కు వెళ్లేందుకు రిక్వెస్ట్ పంపించండి​,\n%1$s ଙ୍କ ସହିତ ଲାଇଭ୍ ଯିବାପାଇଁ ରିକ୍ବେଷ୍ଟ ପଠାଯାଇଛି,\n%1$s ਨਾਲ ਲਾਈਵ ਹੋਣ ਲਈ ਰਿਕੁਐਸਟ ਭੇਜੀ ਗਈ,\n%1$s रे साथ लाइव होबा खातिर रिक्वेस्ट भेजी है,\n%1$s உடன் லைவ்  செல்வதற்கான ரிக்குவஸ்ட்  அனுப்பப்பட்டது,\n%1$s کے ساتھ لائیو ہونے کی ریکویسٹ بھیجی گئی ہے,
flip_camera,Flip,ফ্লিপ,ফ্লিপ ,फ्लिप ,ફ્લિપ,फ्लिप ,फ्लिप ,ಫ್ಲಿಪ್,ഫ്ലിപ്പ് ,फ्लिप,ఫ్లిప్​,ଫ୍ଲିପ୍ କରନ୍ତୁ,ਫਲਿੱਪ,फ्लिप,திருப்பவும் ,پلٹیں,
all_mic,Mic,মাইক,মাইক ,माइक ,માઇક,माइक ,माइक ,"
ಮೈಕ್",മൈക്ക്,माईक,మైక్​,ମାଇକ୍,ਮਾਈਕ,माइक,மைக் ,مائیک,
all_camera,Camera,কেমেৰা,ক্যামেরা ,कैमरा ,કેમેરા,कैमरा ,कैमरा ,ಕ್ಯಾಮೆರಾ,ക്യാമറ ,कॅमेरा,కెమెరా,କ୍ୟାମେରା,ਕੈਮਰਾ,कैमरा,கேமரா ,کیمرا,
all_flash,Flash,ফ্লেচ ,ফ্ল্যাশ ,फ्लैश,ફ્લેશ,फ्लैश,फ्लैश,ಫ್ಲ್ಯಾಶ್,ഫ്ലാഷ് ,फ्लॅश,ఫ్లాష్,ଫ୍ଲାସ୍,ਫਲੈਸ਼,फ्लैश,ஃபிளாஷ் ,فلیش,
all_lenses,Lenses,লেন্স,লেন্স,लेन्सेस,લેન્સ,लेन्सेस,लेन्सेस,ಲೆನ್ಸಸ್,ലെൻസസ്,लेन्सेस,లెన్స్​లు,ଲେନ୍ସ,ਲੈਂਸ,लेन्सेस,லென்ஸ் ,لینسز,
all_submit,Submit,চাবমিট কৰক,সাবমিট করুন ,सबमिट,સબમિટ,सबमिट,सबमिट,ಸಬ್ಮಿಟ್,സബ്മിറ്റ് ,सबमिट,సబ్మిట్​,ସବମିଟ୍ କରନ୍ତୁ,ਸਬਮਿਟ,सबमिट,சமர்ப்பிக்கவும் ,سبمٹ کریں,
report_reason,Please choose reason for reporting,ৰিপোৰ্ট কৰাৰ কাৰণ বাছনি কৰক,রিপোর্ট করার কারণটি বেছে নিন ,कृपया रिपोर्ट करे के कारण चुनीं,કૃપા કરીને રિપોર્ટ કરવા માટેનું કારણ પસંદ કરો,कृपया रिपोर्ट करण का कारण चुणओ,कृपया रिपोर्ट करने का कारण चुनें,ದಯವಿಟ್ಟು ರಿಪೋರ್ಟ್ ಮಾಡಲು ಕಾರಣವನ್ನು ಆಯ್ಕೆಮಾಡಿ,റിപ്പോർട്ടുചെയ്യാനുള്ള കാരണം ചൂസ് ചെയ്യൂ,कृपया रिपोर्ट करण्याचे कारण निवडा,రిపోర్ట్​ చేసేందుకు కారణం ఎంపిక చేసుకోండి,ରିପୋର୍ଟ କରିବାର କାରଣ ଦୟାକରି ବାଛନ୍ତୁ,ਕਿਰਪਾ ਕਰਕੇ ਰਿਪੋਰਟ ਕਰਨ ਦਾ ਕਾਰਨ ਚੁਣੋ,कृपया रिपोर्ट करबा को कारण चुणो,புகாரளிப்பதற்கான காரணத்தைத் தேர்ந்தெடுக்கவும்,براہ مہربانی رپورٹ کرنے کی وجہ منتخب کریں,
report_content,Report %s,ৰিপোৰ্ট %s,রিপোর্ট %s,रिपोर्ट %s,રિપોર્ટ %s ,रिपोर्ट %s,रिपोर्ट %s,"
ರಿಪೋರ್ಟ್ %s",റിപ്പോർട്ട് %s,रिपोर्ट %s,రిపోర్ట్ %s,%s ରିପୋର୍ଟ କରନ୍ତୁ,ਰਿਪੋਰਟ,रिपोर्ट %s,%s புகாரளி ,رپورٹ کریں %s,
report_received,Report Received,ৰিপোৰ্ট লাভ কৰা হৈছে,রিপোর্ট গ্রহণ করা হয়েছে ,रिपोर्ट मिल गइल बा,રિપોર્ટ મળી ગઈ છે,रिपोर्ट मिल गई,रिपोर्ट मिल गई है ,ರಿಪೋರ್ಟ್ ಸ್ವೀಕರಿಸಲಾಗಿದೆ,റിപ്പോർട്ട് റിസീവ് ചെയ്തിരിക്കുന്നു,रिपोर्ट मिळाला,రిపోర్ట్​ అందినది,ରିପୋର୍ଟ ଗ୍ରହଣ କରାଯାଇଛି,ਰਿਪੋਰਟ ਪ੍ਰਾਪਤ ਹੋਈ,रिपोर्ट मिल गई है,புகார் பெறப்பட்டது ,رپورٹ موصول ہوئی ہے,
beauty_lens,Beautify,বিউটিফাই,বিউটিফাই ,ब्यूटिफाई ,બ્યૂટિફાઇ,ब्यूटिफाई ,ब्यूटिफाई ,ಸುಂದರಗೊಳಿಸಿ,ബ്യൂട്ടിഫൈ,ब्युटिफाय,బ్యూటిఫై,ବ୍ୟୁଟିଫାଇ କରନ୍ତୁ,ਬਿਊਟੀਫ਼ਾਈ ,ब्यूटिफाई,அழகுப்படுத்து ,بیوٹیفائی,
all_settings,Settings,চেটিংছ,সােটিংস ,सेटिंग्स ,સેટિંગ્સ,सेटिंग्स ,सेटिंग्स ,ಸೆಟ್ಟಿಂಗ್ಸ್,സെറ്റിംഗ്സ്,सेटिंग्स,సెట్టింగ్స్​,ସେଟିଙ୍ଗ,ਸੈਟਿੰਗ,सेटिंग्स,செட்டிங்ஸ் ,سیٹِنگز,
grant_permission_desc,"""In order to go live with @%s you will have to allow access for these. ""","""@%sৰ সৈতে লাইভ হ'বলৈ আপুনি এইবোৰ এক্সেছ কৰিবলৈ অনুমতি দিব লাগিব ""","""@%s-এর সাথে লাইভ হওয়ার জন্য আপনাকে এগুলির অ্যাক্সেসের অনুমতি দিতে হবে।""","""@%s के साथ लाइव होखे खातिर रउवा के एकर एक्सेस के अनुमति देवे के होई""  ",@%s સાથે લાઇવ થવા માટે તમારી પાસે આના ઍક્સેસની મંજૂરી હશે.,"""@%s के गेल लाइव होण खात्तर थामनै इसके खात्तर एक्सेस की अनुमति देणी होगी""  ","""@%s के साथ लाइव होने के लिए आपको इसके लिए एक्सेस की अनुमति देनी होगी।""",@%s ನೊಂದಿಗೆ ಲೈವ್ ಮಾಡಲು ನೀವು ಇವುಗಳಿಗೆ ಆ್ಯಕ್ಸೆಸ್ ಅನ್ನು ಅನುಮತಿಸುವಿರಿ,"""@%s-നൊപ്പം  ലൈവാകുന്നതിന് ഇവയ്ക്കുള്ള ആക്‌സസ്സ് നൽകേണ്ടതുണ്ട്""","""@%s सह लाईव्ह जाण्यासाठी तुम्हाला त्यांच्यासाठी प्रवेश परवानगी असणे आवश्यक आहे.""","""@%sతో లైవ్​కు వెళ్లేందుకు మీరు వీటికి యాక్సెస్‌ని అనుమతించాలి""",@%s ଙ୍କ ସହିତ ଲାଇଭ୍ ଯିବାକୁ ହେଲେ ଆପଣଙ୍କୁ ଏଗୁଡ଼ିକ ପାଇଁ ଅନୁମତି ଦେବାକୁ ପଡ଼ିବ,"""@%s ਨਾਲ ਲਾਈਵ ਹੋਣ ਲਈ ਤੁਹਾਡੇ ਕੋਲ ਉਨ੍ਹਾਂ ਲਈ ਐਕਸੈਸ ਦੀ ਇਜਾਜ਼ਤ ਲੈਣੀ ਹੋਵੇਗੀ।""",@%s रे साथ लाइव होबा खातिर आपने इके खातिर एक्सेस री अनुमति लेनी पड़ेगी।,"""@%s உடன் லைவ்  செல்ல, இவற்றுக்கான ஆக்ஸஸ் நீங்கள் அனுமதிக்க வேண்டும்.""","""@%s کے ساتھ لائیو جانے کے لیے آپ کو ان تک رسائی کی اجازت ہوگی۔""",
grant_permission,"Camera, Mic, Locations access","কেমেৰা, মাইক, লোকেচন এক্সেছ","ক্যামেরা, মাইক, লোকেশন অ্যাক্সেস","कैमरा, माइक, लोकेशंस, एक्सेस ","કેમેરા, માઈક, લોકેશન એક્સેસ","कैमरा, माइक, लोकेशंस, एक्सेस ","कैमरा, माइक, लोकेशंस, एक्सेस ","
ಕ್ಯಾಮರಾ, ಮೈಕ್, ಲೊಕೇಶನ್ಸ್ ಆ್ಯಕ್ಸೆಸ್","ക്യാമറ, മൈക്ക്, ലൊക്കേഷൻ ആക്സസ്","कॅमेरा, माईक, लोकेशन्स ॲक्सेस ","కెెమెరా, మైక్​, లొకేషన్​​ యాక్సెస్​","କ୍ୟାମେରା, ମାଇକ୍, ଲୋକେସନ୍ ଆକ୍ସେସ୍","ਕੈਮਰਾ, ਮਾਈਕ, ਲੋਕੇਸ਼ੰਸ ਐਕਸੈਸ ","कैमरा, माइक, लोकेशंस, एक्सेस","கேமரா, மைக், லொக்கேஷன் ஆக்ஸஸ் ",کیمرہ، مائیک، لوکیشن تک رسائی,
decline,Decline,নাকচ কৰক,নাকচ করুন ,मना करीं,નકારી કાઢ્યું,मना करणा,माना करें ,ನಿರಾಕರಿಸಿ,നിരസിച്ചു,नकार द्या,తిరస్కరించు,ମନା କରନ୍ତୁ,ਅਸਵੀਕਾਰ ਕਰੋ,मना करना,நிராகரி ,رد کریں,
tell_us_here,Tell us here...,আমাক ইয়াত জনাওক...,আমাদেরকে এখানে বলুন...,हमनी के इहां बताईं...,અમને અહીં કહો...,हामनै यहां बताओ...,हमें यहां बताएं...,ಇಲ್ಲಿ ನಮಗೆ ತಿಳಿಸಿ...,ഇവിടെ ഞങ്ങളോട് പറയാം...,आम्हाला इथे सांगा...,ఇక్కడ మాకు చెప్పండి...,ଆମକୁ ଏଠାରେ କୁହନ୍ତୁ...,ਸਾਨੂੰ ਇੱਥੇ ਦੱਸੋ...,म्हाने अठे बताओ...,எங்களிடம் இங்கு தெரிவிக்கவும்.. ,ہمیں یہاں بتائیں...,
in_review,In Review,ৰিভিউ কৰি থকা হৈছে,রিভিউ করা হচ্ছে,रिव्यू में ,રિવ્યૂમાં,रिव्यू मै,रिव्यू में ,ರಿವ್ಯೂನಲ್ಲಿ,റിവ്യൂവിൽ ,रिव्ह्यूमध्ये आहे ,రివ్యూలో,ରିଭ୍ୟୁରେ,ਰੀਵਿਊ ਵਿੱਚ,रिव्यू में,ரிவியூவில் உள்ளது ,نظرثانی میں ہے,
report_received_desc,Thank you for making ShareChat a safer community for everyone.,শ্বেয়াৰচাটক সকলোৰে বাবে এক সুৰক্ষিত কমিউনিটি হিচাপে গঢ়ি তোলাৰ বাবে আপোনাক ধন্যবাদ,শেয়ারচ্যাটকে সকলের জন্য সুরক্ষিত এক কমিউনিটি হিসেবে গড়ে তোলার জন্য ধন্যবাদ! ,शेयरचैट के सबकरा खातिर एगो सेफ कम्युनिटी बनावे खातिर धन्यवाद।,શેરચેટને દરેક માટે સુરક્ષિત કોમ્યુનિટી બનાવવા બદલ આભાર.,शेयरचैट नै सबके खात्तर एक सेफ कम्युनिटी बनाण खात्तर धन्यवाद।,शेयरचैट को सभी के लिए एक सेफ कम्युनिटी बनाने के लिए धन्यवाद।,ಶೇರ್‌ಚಾಟ್ ಅನ್ನು ಎಲ್ಲರಿಗೂ ಸುರಕ್ಷಿತ ಕಮ್ಯುನಿಟಿಯನ್ನಾಗಿ ಮಾಡಿದ್ದಕ್ಕಾಗಿ ಧನ್ಯವಾದಗಳು.,ഷെയർചാറ്റിനെ സുരക്ഷിതമായ ഒരു കമ്മ്യൂണിറ്റിയാക്കി മാറ്റിയതിന് എല്ലാവർക്കും നന്ദി.,शेअरचॅटला प्रत्येकासाठी सुरक्षित कम्युनिटी बनवल्याबद्दल धन्यवाद.,షేర్​చాట్​ను అందరికీ సురక్షితంగా చేస్తున్నందుకు మీకు ధన్యవాదాలు,ସମସ୍ତଙ୍କ ପାଇଁ ଶେୟରଚେଟ୍‌କୁ ଏକ ସୁରକ୍ଷିତ କମ୍ୟୁନିଟି କରିଥିବାରୁ ଧନ୍ୟବାଦ,ਸ਼ੇਅਰਚੈਟ ਨੂੰ ਸਭ ਦੇ ਲਈ ਸੇਫ਼ ਕਮਿਊਨਿਟੀ ਬਣਾਉਣ ਲਈ ਤੁਹਾਡਾ ਧੰਨਵਾਦ।,शेयरचैट ने सभी के लिए एक सेफ कम्युनिटी बणाबा खातिर धन्यवाद।, ஷேர்சாட்டை அனைவருக்கும் பாதுகாப்பான சமூகமாக மாற்றியதற்கு நன்றி.,شیئرچیٹ کو سب کے لیے ایک محفوظ کمیونٹی بنانے کا شکریہ,
in_review_desc,We use technology and review teams to remove anything that doesn’t follow our standards as quickly as possible,"যিবোৰ কন্টেন্টে আমাৰ মানদণ্ড ফলো নকৰে, তেনে কন্টেন্ট ৰিমুভ কৰিবলৈ আমি টেকনিকেল আৰু ৰিভিউ টিমৰ সহায় লও",যে সমস্ত কন্টেন্ট আমাদের মানদন্ড অনুযায়ী হয় না সেইসব কন্টেন্ট রিমুভ করার জন্য আমরা টেকনিক্যাল ও রিভিউ টিমের সাহায্য গ্রহণ করি ,हमनी जा अइसन कवनो भी चीज के हटावे खातिर टेक्नोलॉजी अउर रिव्यू टीम के इस्तेमाल करेनी जवन हमनी के मानक के जल्द से जल्द फॉलो ना करेला,અમે ટેક્નોલોજીનો ઉપયોગ કરીએ છીએ અને શક્ય તેટલી ઝડપથી અમારા ધોરણોનું પાલન ન કરતી કોઈપણ વસ્તુને દૂર કરવા માટે ટીમ રિવ્યૂ કરીએ છીએ,हम ऐसी किसे भी चीज नै हटाण खात्तर टेक्नोलॉजी अर रिव्यू टीमों का इस्तेमाल करा करै जो म्हारे मानकों नै जल्द तै जल्द फॉलो नहीं करती हैं,"हम ऐसी किसी भी चीज को हटाने के लिए टेक्नोलॉजी और रिव्यू टीमों का इस्तेमाल करते हैं जो हमारे मानकों को जल्द से जल्द फॉलो नहीं करती हैं
",ನಮ್ಮ ಮಾನದಂಡಗಳನ್ನು ಅನುಸರಿಸದ ಯಾವುದೇ ವಿಷಯವನ್ನು ಸಾಧ್ಯವಾದಷ್ಟು ಬೇಗ ತೆಗೆದುಹಾಕಲು ನಾವು ಟೆಕ್ನಾಲಜಿ ಮತ್ತು ರಿವ್ಯೂ ಟೀಮ್ ಗಳ ಸಹಾಯವನ್ನು ಪಡೆದುಕೊಳ್ಳುತ್ತೇವೆ,"ഞങ്ങളുടെ മാനദണ്ഡങ്ങൾ പാലിക്കാത്ത എന്തിനേയും  കഴിയുന്നത്ര വേഗത്തിൽ റിമൂവ്  ചെയ്യാൻ ഞങ്ങൾ ടെക്‌നോളജിയേയും, റിവ്യൂ ടീമിനെയും ഉപയോഗിക്കും.",आमच्या स्टँडर्ड्सचे पालन न करणाऱ्या कोणत्याही गोष्टीला शक्य तितक्या लवकर काढून टाकण्यासाठी आम्ही टेक्नॉलॉजी आणि रिव्ह्यू टीम्स वापरतो,మా ప్రమాణాలను అనుసరించని దేన్నైనా వీలైనంత త్వరగా తొలగించేందుకు మేము సాంకేతికతను మరియు రివ్యూ టీమ్స్​ను ఉపయోగిస్తాము,ଆମ ଷ୍ଟାଣ୍ଡାର୍ଡ ଫଲୋ କରୁନଥିବା କଣ୍ଟେଣ୍ଟ ଯଥାଶୀଘ୍ର ହଟାଇବା ପାଇଁ ଆମେ ଟେକ୍ନୋଲୋଜି ଏବଂ ରିଭ୍ୟୁ ଟିମ୍‌ଗୁଡିକୁ ବ୍ୟବହାର କରୁ,ਅਸੀਂ ਜਿੰਨੀ ਜਲਦੀ ਹੋ ਸਕੇ ਕਿਸੇ ਵੀ ਚੀਜ਼ ਨੂੰ ਹਟਾਉਣ ਲਈ ਤਕਨਾਲੋਜੀ ਅਤੇ ਰੀਵਿਊ ਟੀਮਾਂ ਦੀ ਵਰਤੋਂ ਕਰਦੇ ਹਾਂ ਜੋ ਸਾਡੇ ਮਿਆਰਾਂ ਦੀ ਪਾਲਣਾ ਨਹੀਂ ਕਰਦੀ ਹੈ,म्हे असी हर चीज ने हटाबा खातिर टेक्नोलॉजी और रिव्यू टीमां रो इस्तेमाल करा हां जो म्हाके मानकां ने जल्द स्यूं जल्द फॉलो कोनि करे है,எங்களின் தரநிலைகளைப் பின்பற்றாத எதையும் விரைவில் அகற்ற தொழில்நுட்பம் மற்றும் மதிப்பாய்வுக் குழுக்களைப் பயன்படுத்துகிறோம்,ہم ٹیکنالوجی کا استعمال کرتے ہیں اور ٹیموں کا جائزہ لیتے ہیں تاکہ جلد از جلد کسی بھی چیز کو ہٹایا جا سکے جو ہمارے معیارات پر عمل نہیں کرتی ہیں,
decision_made,Decision made,সিদ্ধান্ত লোৱা হৈছে,সিদ্ধান্ত নেওয়া হয়েছে ,निर्णय लिहल गइल,નિર્ણય લેવાયો,निर्णय लिया गया ,निर्णय लिया गया ,ನಿರ್ಧಾರ ಕೈಗೊಳ್ಳಲಾಗಿದೆ,തീരുമാനമെടുത്തു,निर्णय घेतला,నిర్ణయం తీసుకోబడింది,ନିଷ୍ପତ୍ତି ନିଆଯାଇସାରିଛି,ਫ਼ੈਸਲਾ ਲਿਆ ਗਿਆ  ,निर्णय लियो गयो ,முடிவு எடுக்கப்பட்டது,فیصلہ کرلیا ہے,
decision_made_desc,We’ll notify you about the outcome in your Support inbox as soon as possible.,আমি অতি শীঘ্ৰে আপোনাৰ চাপোৰ্ট ইনবক্সত ইয়াৰ ফলাফলৰ বিষয়ে জনাম,আমরা যত তাড়াতাড়ি সম্ভব আপনার সাপোর্ট ইনবক্সে ফলাফল সম্পর্কে আপনাকে জানাব।,हमनी जा रउवा के जल्द से जल्द राउर सपोर्ट इनबॉक्स में परिणाम के जानकारी दे देब।,અમે શક્ય તેટલી વહેલી તકે તમારા સપોર્ટ ઇનબૉક્સમાં પરિણામ વિશે તમને જાણ કરીશું.,हाम थामनै जल्द तै जल्द थारे सपोर्ट इनबॉक्स मै परिणाम की जानकारी देवैंगे।,हम आपको जल्द से जल्द आपके सपोर्ट इनबॉक्स में परिणाम की जानकारी देंगे।,ಸಾಧ್ಯವಾದಷ್ಟು ಬೇಗ ನಿಮ್ಮ ಸಪೋರ್ಟ್ ಇನ್‌ಬಾಕ್ಸ್‌ನಲ್ಲಿ ಫಲಿತಾಂಶದ ಕುರಿತು ನಾವು ನಿಮಗೆ ತಿಳಿಸುತ್ತೇವೆ., ഞങ്ങൾ നിങ്ങളുടെ ഔട്ട്കം സപ്പോർട്ട് ഇൻബോക്സിൽ ഉടൻ തന്നെ അറിയിക്കും ,आम्‍ही तुमच्‍या सपोर्ट इनबॉक्‍समध्‍ये परिणामांबद्दल लवकरात लवकर सूचित करू.,మేము వీలైనంత త్వరగా మీ సపోర్ట్​ ఇన్‌బాక్స్‌లో రిజల్ట్ గురించి మీకు తెలియజేస్తాము.,ଯଥାଶୀଘ୍ର ଆପଣଙ୍କର ସପୋର୍ଟ ଇନବକ୍ସରେ ନିଷ୍ପତ୍ତି ବାବଦରେ ଆମେ ଆପଣଙ୍କୁ ଜଣାଇବୁ,ਅਸੀਂ ਜਿੰਨੀ ਜਲਦੀ ਹੋ ਸਕੇ ਤੁਹਾਡੇ ਸਪੋਰਟ ਇਨਬਾਕਸ ਵਿੱਚ ਨਤੀਜੇ ਬਾਰੇ ਤੁਹਾਨੂੰ ਸੂਚਿਤ ਕਰਾਂਗੇ।,म्हे आपने जल्द स्यूं जल्द आपरे सपोर्ट इनबॉक्स में परिणाम री जाणकारी देवांगा।,கூடிய விரைவில் உங்கள் சப்போர்ட்  இன்பாக்ஸில் முடிவை உங்களுக்கு அறிவிப்போம்.,ہم آپ کو جلد از جلد آپ کے سپورٹ ان باکس میں نتائج کے بارے میں مطلع کریں گے,
all_done,Done,হৈ গ'ল ,হয়ে গিয়েছে ,कर दिहल गइल,થઈ ગયું,कर दिया गया ,कर दिया गया ,ಮುಗಿದಿದೆ,ഡൺ ,केले आहे,పూర్తయింది,ସରିଲା,ਹੋ ਗਿਆ,कर दियो गयो,முடிந்தது ,ہو گیا,
block_user,Block User,ইউজাৰক ব্লক কৰক,ইউজারকে ব্লক করুন ,यूजर के ब्लॉक करीं,યુઝરને બ્લોક કરો,यूजर नै ब्लॉक करो,यूजर को ब्लॉक करें ,ಯೂಸರ್ ಅನ್ನು ಬ್ಲಾಕ್ ಮಾಡಿ,യൂസറിനെ ബ്ലോക്ക് ചെയ്യൂ,युझरला ब्लॉक करा ,యూజర్​ను బ్లాక్ చేయండి,ୟୁଜରଙ୍କୁ ବ୍ଲକ୍ କରନ୍ତୁ,ਯੂਜ਼ਰ ਨੂੰ ਬਲਾਕ ਕਰੋ,यूजर ने ब्लॉक करो,பயனரை தடை செய் ,یوزر کو بلاک کریں,
block_user_description,They won’t be able to find your profile or Post on ShareChat. ShareChat won’t let them know that you have blocked them.,তেওঁলোকে শ্বেয়াৰচাটত আপোনাৰ প্ৰ'ফাইল বা পোষ্ট চাব নোৱাৰিব। শ্বেয়াৰচাটে এয়া জানিব নিদিয়ে যে আপুনি তেওঁলোকক ব্লক কৰিছে,"
তারা শেয়ারচ্যাটে আপনার প্রোফাইল বা পোস্ট খুঁজে পাবেন না। শেয়ারচ্যাট তাদের জানাবে না যে আপনি তাদের ব্লক করেছেন।
",इ राउर प्रोफाइल या शेयरचैट पे पोस्ट ना ढूंढ पइहें। शेयरचैट ओनकरा के इ ना बताई कि रउवा ओनकरा के ब्लॉक कर दिहले बानी।,તેઓ શેરચેટ પર તમારી પ્રોફાઇલ અથવા પોસ્ટ શોધી શકશે નહીં. શેરચેટ તેમને નહીં જણાવે કે તમે તેમને બ્લોક કર્યા છે.,वे थारी प्रोफाइल या शेयरचैट पै पोस्ट नहीं ढूंढ पावैंगे। शेयरचैट उन्हें यो नहीं बतावैगा के थामनै उन्हें ब्लॉक कर दिया सै।,वे आपकी प्रोफाइल या शेयरचैट पर पोस्ट नहीं ढूंढ पाएंगे। शेयरचैट उन्हें यह नहीं बताएगा कि आपने उन्हें ब्लॉक कर दिया है।,ಅವರು ನಿಮ್ಮ ಪ್ರೊಫೈಲ್ ಅನ್ನು ಹುಡುಕಲು ಅಥವಾ ಶೇರ್‌ಚಾಟ್ ನಲ್ಲಿ ಪೋಸ್ಟ್ ಮಾಡಲು ಸಾಧ್ಯವಾಗುವುದಿಲ್ಲ. ನೀವು ಅವರನ್ನು ನಿರ್ಬಂಧಿಸಿರುವಿರಿ ಎಂದು ಶೇರ್‌ಚಾಟ್ ಅವರಿಗೆ ತಿಳಿಸುವುದಿಲ್ಲ.,അവർക്ക് നിങ്ങളുടെ പ്രൊഫൈൽ കണ്ടെത്താനോ ഷെയർചാറ്റിൽ പോസ്റ്റ് ചെയ്യാനോ കഴിയില്ല. നിങ്ങൾ അവരെ ബ്ലോക്ക് ചെയ്തുവെന്ന് ഷെയർചാറ്റ് അവരെ അറിയിക്കില്ല.,ते शेअरचॅटवर तुमची प्रोफाईल किंवा पोस्ट शोधू शकणार नाहीत. शेअरचॅट त्यांना कळू देणार नाही की तुम्ही त्यांना ब्लॉक केले आहे.,"వాళ్లూ షేర్​చాట్​లో మీ ప్రొఫైల్​ను, పోస్ట్​లను గుర్తించలేరు. మీరు వారిని బ్లాక్​ చేసినట్లు కూడా షేర్​చాట్​ వాళ్లకు తెలియనివ్వదు.",ସେମାନେ ଶେୟରଚେଟ୍‌ରେ ଆପଣଙ୍କର ପ୍ରୋଫାଇଲ୍ କିମ୍ବା ପୋଷ୍ଟ ଖୋଜିବାକୁ ସକ୍ଷମ ହେବେ ନାହିଁ। ଏପରିକି ଶେୟରଚେଟ୍ ସେମାନଙ୍କୁ ଜଣାଇବ ନାହିଁ ଯେ ଆପଣ ସେମାନଙ୍କୁ ବ୍ଲକ୍ କରିଛନ୍ତି।,ਉਹ ਸ਼ੇਅਰਚੈਟ 'ਤੇ ਤੁਹਾਡੀ ਪ੍ਰੋਫਾਈਲ ਜਾਂ ਪੋਸਟ ਨੂੰ ਲੱਭ ਨਹੀਂ ਪਾਉਣਗੇ। ਸ਼ੇਅਰਚੈਟ ਉਨ੍ਹਾਂ ਨੂੰ ਇਹ ਨਹੀਂ ਦੱਸੇਗਾ ਕਿ ਤੁਸੀਂ ਉਨ੍ਹਾਂ ਨੂੰ ਬਲੌਕ ਕਰ ਦਿੱਤਾ ਹੈ।,वे आपरी प्रोफाइल या शेयरचैट पे पोस्ट कोनि ढूंढ पाई। शेयरचैट वाने कोनि बतावे कि आप वाने ब्लॉक कर दिया हो।,அவர்களால் உங்கள் ப்ரொபைலை   கண்டறியவோ அல்லது ஷேர்சாட்டில் பதிவிடவோ முடியாது. நீங்கள் அவர்களைத் தடை செய்துள்ளீர்கள்  என்பதை ஷேர்சாட்  அவர்களுக்குத் தெரிவிக்காது.,وہ شیئرچیٹ پر آپ کا پروفائل یا پوسٹ تلاش نہیں کر سکیں گے۔ شیئرچیٹ انہیں یہ نہیں بتائے گا کہ آپ نے انہیں بلاک کر دیا ہے,
allow,Allow,অনুমতি দিয়ক,অনুমতি দিন ,अनुमति दिहीं,પરવાનગી આપો,अनुमति देना,अनुमति देना,ಅನುಮತಿಸಿ,അനുവദിക്കുക ,परवानगी द्या,అనుమతి,ଅନୁମତି ଦିଅନ୍ତୁ,ਇਜਾਜ਼ਤ ਦੇਣਾ ,अनुमति देणो,அனுமதிக்கவும் ,اجازت دیں,
report_stream,Report this live,এই লাইভটোক ৰিপোৰ্ট কৰক,এই লাইভটি রিপোর্ট করুন ,इ लाइव के रिपोर्ट करीं,આ લાઈવને રિપોર્ટ કરો,इस लाइव नै रिपोर्ट करो,इस लाइव को रिपोर्ट करें,ಇದನ್ನು ಲೈವ್ ರಿಪೋರ್ಟ್ ಮಾಡಿ,ഈ ലൈവ് റിപ്പോർട്ട് ചെയ്യൂ ,ह्या लाईव्हला रिपोर्ट करा ,ఈ లైవ్​ను రిపోర్ట్​ చేయండి,ଏହାକୁ ଲାଇଭ୍ ରିପୋର୍ଟ କରନ୍ତୁ,ਇਸ ਦੀ ਲਾਈਵ ਰਿਪੋਰਟ ਕਰੋ,इकी लाइव रिपोर्ट करो,இந்த லைவை புகாரளி ,اس لائیو کو رپورٹ کریں,
reported_stream,Livestream Reported,লাইভষ্ট্ৰীমটোক ৰিপোৰ্ট কৰা হৈছে,লাইভস্ট্রিমটি রিপোর্ট করা হয়েছে,लाइवस्ट्रीम रिपोर्ट कइल गइल बा,લાઇવસ્ટ્રીમને રિપોર્ટ કરાયું,लाइवस्ट्रीम रिपोर्ट करा गया,लाइवस्ट्रीम रिपोर्ट किया गया है ,ಲೈವ್‌ಸ್ಟ್ರೀಮ್ ರಿಪೋರ್ಟ್ ಮಾಡಲಾಗಿದೆ,ലൈവ് സ്ട്രീം റിപ്പോർട്ട് ചെയ്തു ,लाईव्हस्ट्रीम रिपोर्ट केले आहे ,లైవ్​ స్ట్రీమ్ రిపోర్ట్ చేయబడింది,ଲାଇଭଷ୍ଟ୍ରୀମ୍ ରିପୋର୍ଟ ହୋଇଛି,ਲਾਈਵਸਟ੍ਰੀਮ ਦੀ ਰਿਪੋਰਟ ਕੀਤੀ ਗਈ,लाइवस्ट्रीम रिपोर्ट कियो गयो है,லைவ் ஸ்ட்ரீம் புகாரளிக்கப்பட்டது ,لائیو اسٹریم کو رپورٹ کیا گیا ہے,
shut_down_live_stream,Shut Down Live Streaming,লাইভ ষ্ট্ৰীমিং বন্ধ কৰক,লাইভ স্ট্রিমিং বন্ধ করুন ,लाइव स्ट्रीमिंग बंद करीं,લાઈવ સ્ટ્રીમિંગ બંધ કરો,लाइव स्ट्रीमिंग बंद करो,लाइव स्ट्रीमिंग बंद करें,ಲೈವ್ ಸ್ಟ್ರೀಮಿಂಗ್ ಅನ್ನು ಶಟ್ ಡೌನ್ ಮಾಡಿ,ലൈവ് സ്ട്രീമിംഗ് ഷട്ട് ഡൗൺ ചെയ്യൂ,लाईव्हस्ट्रीमिंग बंद करा ,లైవ్ స్ట్రీమింగ్​ షట్​ డౌన్ చేయండి,ଲାଇଭ୍ ଷ୍ଟ୍ରୀମିଂ ବନ୍ଦ କରନ୍ତୁ,ਲਾਈਵ ਸਟ੍ਰੀਮਿੰਗ ਬੰਦ ਕਰੋ,लाइव स्ट्रीमिंग बंद करो,லைவ் ஸ்ட்ரீமிங்கை மூடவும் ,لائیو سٹریمنگ بند کریں,
shut_down_stream,Shut Down the live stream,লাইভ ষ্ট্ৰীম বন্ধ কৰক,লাইভ স্ট্রিম বন্ধ করুন ,लाइव स्ट्रीम बंद करीं,લાઇવ સ્ટ્રીમ બંધ કરો,लाइव स्ट्रीम बंद करो,लाइव स्ट्रीम बंद करें,"
ಲೈವ್ ಸ್ಟ್ರೀಮ್ ಅನ್ನು ಶಟ್ ಡೌನ್ ಮಾಡಿ", ലൈവ് സ്ട്രീം ഷട്ട് ഡൗൺ ചെയ്യൂ,लाईव्हस्ट्रीमिंग बंद करा ,లైవ్ స్ట్రీమ్​ షట్​ డౌన్ చేయండి,ଲାଇଭ୍ ଷ୍ଟ୍ରୀମ୍ ବନ୍ଦ କରନ୍ତୁ,ਲਾਈਵ ਸਟ੍ਰੀਮ ਨੂੰ ਬੰਦ ਕਰੋ,लाइव स्ट्रीम बंद करो,லைவ் ஸ்ட்ரீமிங்கை மூடவும் ,لائیو سٹریم بند کر دیں,
choose_to_share,Select app to Share ,শ্বেয়াৰ কৰিবলৈ এপ বাছনি কৰক,শেয়ার করার জন্য অ্যাপ সিলেক্ট করুন ,शेयर करे खातिर ऐप चुनीं,શેર કરવા માટે એપ્લિકેશન પસંદ કરો,शेयर करण खात्तर एप्प चुणओ,शेयर करने के लिए ऐप चुनें,ಶೇರ್ ಮಾಡಲು ಆ್ಯಪ್ ಆಯ್ಕೆಮಾಡಿ,ഷെയർ ചെയ്യാൻ ആപ്പ് സെലക്ട് ചെയ്യൂ,शेअर करण्यासाठी ॲप निवडा,షేర్ చేసేందుకు యాప్ ఎంపిక చేసుకోండి,ଶେୟର କରିବା ପାଇଁ ଆପ୍ ବାଛନ୍ତୁ,ਸ਼ੇਅਰ ਕਰਨ ਲਈ ਐਪ ਚੁਣੋ,शेयर करबा खातिर ऐप चुणो,பகிர ஆப்பைத் தேர்ந்தெடுக்கவும் ,شیئر کرنے کے لیے ایپ منتخب کریں,
application_not_found,No application found to handle this type of action,এই ধৰণৰ কাম হেণ্ডেল কৰিবলৈ কোনো এপ্লিকেচন পোৱা নগ'ল,এই ধরনের অ্যাকশন পরিচালনা করার জন্য কোনো অ্যাপ্লিকেশান পাওয়া যায়নি৷,इ तरह के कार्रवाई के संभाले खातिर कवनो एप्लिकेशन ना मिलल,આ પ્રકારના એક્શનને હેન્ડલ કરવા માટે કોઈ એપ્લિકેશન મળી નથી,इस तरह की कार्रवाई संभालण खात्तर कोए एप्लिकेशन नहीं मिला,इस तरह की कार्रवाई को संभालने के लिए कोई एप्लिकेशन नहीं मिला,ಈ ರೀತಿಯ ಆ್ಯಕ್ಷನ್ ಹ್ಯಾಂಡಲ್ ಮಾಡಲು ಯಾವುದೇ ಆ್ಯಪ್ ಕಂಡುಬಂದಿಲ್ಲ,ഇത്തരത്തിലുള്ള പ്രവർത്തനം കൈകാര്യം ചെയ്യാൻ ഒരു ആപ്ലിക്കേഷനും കണ്ടെത്താനായില്ല.,या प्रकारची ॲक्शन हाताळण्यासाठी कोणतेही ॲप्लिकेशन आढळले नाही,ఈ విధమైన యాక్షన్​ను హ్యాండిల్​ చేసేందుకు ఎలాంటి అప్లికేషన్ లేదు,ଏହି ଆକ୍ସନ୍‌କୁ କାମରେ ଲଗାଇବା ପାଇଁ କୌଣସି ଆପ୍ଲିକେସନ୍ ମିଳିଲା ନାହିଁ,ਇਸ ਕਿਸਮ ਦੀ ਕਾਰਵਾਈ ਨੂੰ ਸੰਭਾਲਣ ਲਈ ਕੋਈ ਐਪਲੀਕੇਸ਼ਨ ਨਹੀਂ ਮਿਲੀ,इ तरह री कार्रवाई ने संभालबा खातिर कोई एप्लिकेशन कोनि मिळी,இந்த வகையான செயலைக் கையாள எந்தப் பயன்பாடும் இல்லை,اس قسم کی کارروائی کو ہینڈل کرنے کے لیے کوئی ایپلیکیشن نہیں ملی,
shut_down_live_stream_description,Stream will end and doing so you will be baning the creator to go live on ShareChat.,ষ্ট্ৰীম শেষ হ'ব আৰু ইয়াৰ পিছত আপুনি ক্ৰিয়েটৰক শ্বেয়াৰচাটত লাইভ হোৱাত বেন কৰিব,স্ট্রিম শেষ হয়ে যাবে আর এরকম করার জন্য আপনার ক্রিয়েটররা শেয়ারচ্যাটে লাইভ করার সুযোগ থেকে বঞ্চিত হবেন ,स्ट्रीम खत्म हो जाई अउर अइसन कइला पे रउवा क्रिएटर के शेयरचैट पे लाइव होखला से बैन कर देब।,સ્ટ્રીમ પૂરું થઈ જશે અને આમ કરવાથી તમે ક્રિએટર્સને શેરચેટ પર લાઇવ થવાથી પ્રતિબંધિત કરશો.,स्ट्रीम खत्म हो जावैगी और ऐसा करण पै थाम क्रिएटर नै शेयरचैट पै लाइव होण तै बैन कर दोगे।,स्ट्रीम खत्म हो जाएगी और ऐसा करने पर आप क्रिएटर को शेयरचैट पर लाइव होने से बैन कर देंगे।,ಸ್ಟ್ರೀಮ್ ಕೊನೆಗೊಳ್ಳುತ್ತದೆ ಮತ್ತು ಹಾಗೆ ಮಾಡುವುದರಿಂದ ನೀವು ಶೇರ್‌ಚಾಟ್‌ನಲ್ಲಿ ಲೈವ್ ಮಾಡಲು ಕ್ರಿಯೇಟರ್ಸ್ ಅನ್ನು ನಿಷೇಧಿಸುತ್ತೀರಿ.,"ഷെയർചാറ്റിൽ സ്ട്രീമിങ് അവസാനിക്കുകയും, ക്രിയേറ്ററെ ലൈവ് പോകുന്നതിൽ നിന്ന് വിലക്കുകയും ചെയ്യും!",स्ट्रीम संपेल आणि असे केल्याने तुम्ही क्रिएटरला शेअरचॅटवर लाईव्ह जाण्यापासून बॅन कराल.,స్ట్రీమ్ ముగుస్తుంది మరియు అలా చేయడం ద్వారా మీరు షేర్​చాట్​లో లైవ్​కు వెళ్లకుండా క్రియేటర్​ను నిషేధిస్తారు.,ଷ୍ଟ୍ରୀମ୍ ସରିଯିବ ଏବଂ ଏପରି କରିବା ଦ୍ୱାରା ଆପଣ କ୍ରିଏଟରଙ୍କୁ ଶେୟରଚେଟ୍‌ରେ ଲାଇଭ୍ ଯିବାରେ ବ୍ୟାନ୍‌ କରିଦେବେ,ਸਟ੍ਰੀਮ ਖ਼ਤਮ ਹੋ ਜਾਵੇਗੀ ਅਤੇ ਅਜਿਹਾ ਕਰਨ ਨਾਲ ਤੁਸੀਂ ਕ੍ਰੀਏਟਰ ਨੂੰ ਸ਼ੇਅਰਚੈਟ 'ਤੇ ਲਾਈਵ ਹੋਣ ਤੋਂ ਬੈਨ ਲਗਾਓਗੇ।,स्ट्रीम खत्म हो जावेगी और इसो करबा पे आप क्रिएटर ने शेयरचैट पे लाइव होबा स्यूं बैन कर दोगा।,"ஸ்ட்ரீம் முடிவடையும், அப்படி செய்தால் கிரியேட்டர்கள் ஷேர்சாட் லைவ் செல்ல தடை செய்யப்படும்",اسٹریم ختم ہو جائے گی اور ایسا کرنے سے آپ شیئرچیٹ میں کریئٹر پر لائیو جانے پر پابندی لگا دیں گے,
all_shut_down,Shut Down,বন্ধ কৰক,বন্ধ করুন ,शट डाउन,બંધ કરો,शट डाउन,शट डाउन,ಶಟ್ ಡೌನ್,ഷട്ട് ഡൗൺ,शट डाऊन,షట్ డౌన్​,ଶଟ୍‌ ଡାଉନ୍,ਸ਼ਟ ਡਾਉਨ,शट डाउन,முடிக்கவும்,بند کریں,
enable_camera_for_access,Please enable the camera first,অনুগ্ৰহ কৰি প্ৰথমে কেমেৰা সক্ষম কৰক,প্রথমে আপনার ক্যামেরা চালু করুন ,कृपया पहिले कैमरा के परमिशन दिहीं,કૃપા કરીને પહેલા કેમેરો શરું કરો,कृपया पहलै कैमरा इनेबल करै,कृपया पहले कैमरा इनेबल करें,ದಯವಿಟ್ಟು ಮೊದಲು ಕ್ಯಾಮರಾವನ್ನು ಸಕ್ರಿಯಗೊಳಿಸಿ,ആദ്യം ക്യാമറ പ്രവർത്തനക്ഷമമാക്കുക,कृपया प्रथम कॅमेरा एनेबल करा,దయచేసి కెమెరాను ఎనెబుల్​ చేయండి,ଦୟାକରି ପ୍ରଥମେ କ୍ୟାମେରା ଏନାବଲ୍ କରନ୍ତୁ,ਕਿਰਪਾ ਕਰਕੇ ਪਹਿਲਾਂ ਕੈਮਰਾ ਚਾਲੂ ਕਰੋ,कृपया पहल्यां कैमरा ने इनेबल करो,முதலில் கேமராவை ஆன் செய்யவும்,براہ مہربانی پہلے کیمرے کو فعال کریں,
tooltip_settings,Change the settings for your live stream here,আপোনাৰ লাইভ ষ্ট্ৰীমৰ বাবে ইয়াত চেটিংছ সলনি কৰক,লাইভ স্ট্রিমের সেটিংস বদল করুন ,इहां आपन लाइव स्ट्रीम के सेटिंग बदलीं,તમારા લાઇવ સ્ટ્રીમ માટેની સેટિંગ્સ અહીંથી બદલો,यहां आपणी लाइव स्ट्रीम की सेटिंग बदलो,यहां अपनी लाइव स्ट्रीम की सेटिंग बदलें,ನಿಮ್ಮ ಲೈವ್ ಸ್ಟ್ರೀಮ್‌ಗಾಗಿ ಸೆಟ್ಟಿಂಗ್ಸ್ ಅನ್ನು ಇಲ್ಲಿ ಬದಲಾಯಿಸಿ,നിങ്ങളുടെ ലൈവ് സ്ട്രീമിനായുള്ള സെറ്റിങ്‌സ്  ഇവിടെ മാറ്റൂ,येथे तुमची लाईव्हस्ट्रीमची सेटिंग बदला,మీ లైవ్​ స్ట్రీమ్​కు ఇక్కడ సెట్టింగ్స్​ ఛేంజ్​ చేయండి,ଏଠାରେ ଆପଣଙ୍କର ଲାଇଭ୍ ଷ୍ଟ୍ରୀମ୍ ପାଇଁ ସେଟିଙ୍ଗ ପରିବର୍ତ୍ତନ କରନ୍ତୁ,ਇੱਥੇ ਆਪਣੀ ਲਾਈਵ ਸਟ੍ਰੀਮ ਲਈ ਸੈਟਿੰਗ ਬਦਲੋ,अठे आपरी लाइव स्ट्रीम री सेटिंग बदलो,உங்கள் லைவ் ஸ்ட்ரீமிற்கான செட்டிங்ஸை இங்கே மாற்றவும்,اپنی لائیو اسٹریم کی سیٹنگز کو یہاں تبدیل کریں,
settings_comments,Comments,কমেণ্ট,কমেন্ট ,कमेंट्स ,કમેન્ટ્સ,कमेंट्स ,कमेंट्स ,ಕಾಮೆಂಟ್‌ಗಳು,കമന്റ്സ്  ,कमेंट्स,కామెంట్స్​,କମେଣ୍ଟ,ਕਮੈਂਟਸ,कमेंट्स,கமெண்ட்,کمنٹس,
settings_live_requests,Live Requests,লাইভ ৰিকুৱেষ্ট,লাইভ রিক্যুয়েস্ট ,लाइव रिक्वेस्ट्स,લાઇવ રિક્વે્સ્ટ્સ,लाइव रिक्वेस्ट्स,लाइव रिक्वेस्ट्स,ಲೈವ್ ರಿಕ್ವೆಸ್ಟ್ ಗಳು,ലൈവ് റിക്വസ്റ്റ്സ്,लाईव्ह रिक्वेस्ट्स,లైవ్​ రిక్వెస్ట్​లు,ଲାଇଭ୍ ରିକ୍ବେଷ୍ଟ,ਲਾਈਵ ਰਿਕੁਐਸਟ ,लाइव रिक्वेस्ट्स,லைவ் ரிக்குவஸ்ட் ,لائیو ریکویسٹس,
tnc_title,Terms &amp; Conditions,নিয়ম &amp; চৰ্তাৱলী,নিয়ম  &amp; শর্তাবলী ,नियम &amp; शर्त,શરતો &amp; શરતો,नियम &amp; शर्तें ,नियम &amp; शर्तें ,ನಿಯಮಗಳು &amp; ಷರತ್ತುಗಳು, ടേംസ് &amp; കണ്ടീഷൻ,नियम &amp; अटी ,నిబధనలు &amp; షరత్తులు,ନିୟମ &amp; ସର୍ତ୍ତାବଳୀ,ਨਿਯਮ &amp; ਸ਼ਰਤਾਂ ,नियम &amp; शर्तां,விதிமுறை &amp; நிபந்தனைகள்,شرائط و ضوابط,
,Content creators help make Sharechat a safe and inspiring place for millions. All creators should read and agree to the Sharechat\'s Terms of Use and Content &amp; Community Guidelines.,"কন্টেন্ট ক্ৰিয়েটৰে শ্বেয়াৰচাটক লাখ লাখ লোকৰ বাবে এক সুৰক্ষিত আৰু অনুপ্ৰেৰণাদায়ক স্থান হিচাপে গঢ়ি তোলাত সহায় কৰে। সকলো ক্ৰিয়েটৰে শ্বেয়াৰচাট ব্যৱহাৰৰ চৰ্তাৱলী, কন্টেন্ট &amp আৰু কমিউনিটি গাইডলাইনবোৰ পঢ়াৰ লগতে মানি চলাটো উচিত।",কন্টেন্ট ক্রিয়েটররা শেয়ারচ্যাটকে লক্ষ লক্ষ মানুষের জন্য একটি নিরাপদ এবং অনুপ্রেরণাদায়ক জায়গা করে তুলতে সাহায্য করেন৷ সমস্ত ক্রিয়েটরদের শেয়ারচ্যাট ব্যবহারের শর্তাবলী এবং কন্টেন্ট এবং  &amp; কমিউনিটি গাইডলাইন পড়তে হবে ও সম্মতি জ্ঞাপন করতে হবে। ,कंटेंट क्रिएटर्स शेयरचैट के लाखों लोग खातिर एगो सुरक्षित अउर प्रेरित करे वाला जगह बनावे में मदद करेला। सब क्रिएटर्स के शेयरचैट के इस्तेमाल करे के शर्त अउर कंटेंट &amp; कम्युनिटी गाइडलाइन्स के पढ़ल अउर ओकर पालन कइल अनिवार्य बा।,કન્ટેન્ટ ક્રિએટર શેરચેટને લાખો લોકો માટે સુરક્ષિત અને પ્રેરણાદાયી સ્થાન બનાવવામાં મદદ કરે છે. બધા ક્રિએટર્સે હંમેશા શેરચેટના ઉપયોગની શરતો અને કન્ટેન્ટ &amp ને વાંચી લેવા જોઇએ અને તની સાથે સંમત થવું જોઈએ; કોમ્યુનિટી ગાઇડલાઇન.,कंटेंट क्रिएटर्स शेयरचैट नै लाखों लोगों खात्तर एक सुरक्षित अर प्रेरित करण आली जगह बनाण मै मदद करा करैं। सारे क्रिएटर्स नै शेयरचैट का इस्तेमाल करण की शर्तें अर कंटेंट &amp; कम्युनिटी गाइडलाइन्स नै पढ़ना अर उनका पालन करना जरुरी सै।,कंटेंट क्रिएटर्स शेयरचैट को लाखों लोगों के लिए एक सुरक्षित और प्रेरित करने वाली जगह बनाने में मदद करते हैं। सभी क्रिएटर्स को शेयरचैट के इस्तेमाल करने की शर्तें और कंटेंट &amp; कम्युनिटी गाइडलाइन्स को पढ़ना और उनका पालन करना अनिवार्य है।,ಶೇರ್‌ಚಾಟ್ ಅನ್ನು ಲಕ್ಷಾಂತರ ಜನರಿಗೆ ಸುರಕ್ಷಿತ ಮತ್ತು ಸ್ಪೂರ್ತಿದಾಯಕ ಸ್ಥಳವನ್ನಾಗಿ ಮಾಡಲು ಕಂಟೆಂಟ್ ಕ್ರಿಯೇಟರ್ಸ್ ಸಹಾಯ ಮಾಡುತ್ತಾರೆ. ಎಲ್ಲಾ ಕ್ರಿಯೇಟರ್ಸ್ ಶೇರ್‌ಚಾಟ್ ಬಳಕೆಯ ನಿಯಮಗಳು ಮತ್ತು ಕಂಟೆಂಟ್ &amp; ಕಮ್ಯುನಿಟಿ ಮಾರ್ಗಸೂಚಿಗಳನ್ನು ಓದಿ ಒಪ್ಪಿಕೊಳ್ಳಬೇಕು.,"ദശലക്ഷക്കണക്കിന് ആളുകൾക്ക് ഷെയർചാറ്റിനെ സുരക്ഷിതവും പ്രചോദനകരവുമായ ഇടമാക്കാൻ സഹായിച്ചത് കണ്ടന്റ് ക്രിയേറ്റേഴ്‌സാണ്. എല്ലാ ക്രിയേറ്റേഴ്‌സും  ഷെയർചാറ്റിന്റെ യൂസർ പോളിസിയും  കണ്ടന്റ്/amp യും വായിക്കുകയും,അംഗീകരിക്കുകയും വേണം; കമ്മ്യൂണിറ്റി ഗൈഡ്ലൈൻസ് .",कंटेंट क्रिएटर्स लाखो लोकांसाठी शेअरचॅटला सुरक्षित आणि प्रेरणादायी ठिकाण बनविण्यात मदत करतात. सर्व क्रिएटर्सने शेअरचॅटच्या वापराच्या अटी व कंटेंट &amp; कम्युनिटी गाईडलाईन्स वाचल्या पाहिजे आणि त्यांना सहमती दर्शविली पाहिजे.,"కంటెంట్ క్రియేటర్ల సహాయంతో షేర్​చాట్​ లక్షలాది మందికి సురక్షితం, ఆదర్శవంతంగా మార్చుతుంది. క్రియేటర్లందరూ షేర్​చాట్​ నిబంధనలు, వినియోగం మరియు కంటెంట్ &ampని చదివి అంగీకరించాల్సి ఉంటుంది. కమ్యూనిటీ గైడ్​లైన్స్​.",କଣ୍ଟେଣ୍ଟ କ୍ରିଏଟରମାନେ ଲକ୍ଷ ଲକ୍ଷ ଲୋକଙ୍କ ପାଇଁ ଏକ ସୁରକ୍ଷିତ ଏବଂ ପ୍ରେରଣାଦାୟକ ସ୍ଥାନ ତିଆରି କରିବାରେ ସାହାଯ୍ୟ କରନ୍ତି। ସମସ୍ତ କ୍ରିଏଟରମାନେ ଶେୟରଚେଟ୍‌ର ଟର୍ମସ ଅପ୍‌ ୟୁଜ୍ ଏବଂ କଣ୍ଟେଣ୍ଟ &amp; କମ୍ୟୁନିଟି ଗାଇଡଲାଇନ୍‌କୁ ପଢ଼ିବା ସହ ସହମତି ଦେବା ଉଚିତ। ,ਕੰਟੈਂਟ ਕ੍ਰੀਏਟਰਸ ਸ਼ੇਅਰਚੈਟ ਨੂੰ ਲੱਖਾਂ ਲੋਕਾਂ ਲਈ ਸੁਰੱਖਿਅਤ ਅਤੇ ਪ੍ਰੇਰਨਾਦਾਇਕ ਸਥਾਨ ਬਣਾਉਣ ਵਿੱਚ ਮਦਦ ਕਰਦੇ ਹਨ। ਸਾਰੇ ਕ੍ਰੀਏਟਰਸ ਨੂੰ ਸ਼ੇਅਰਚੈਟ ਦੀਆਂ ਵਰਤੋਂ ਦੀਆਂ ਸ਼ਰਤਾਂ ਅਤੇ ਕੰਟੈਂਟ &amp; ਕਮਿਊਨਿਟੀ ਗਾਈਡਲਾਇੰਸ ਨੂੰ ਪੜ੍ਹਨਾ ਅਤੇ ਉਹਨਾਂ ਨਾਲ ਸਹਿਮਤ ਹੋਣਾ ਚਾਹੀਦਾ ਹੈ।,कंटेंट क्रिएटर्स शेयरचैट ने लाखों लोगां खातिर एक सुरक्षित और प्रेरित करबा आळी जगह बणाबा में मदद करे है। सभी क्रिएटर्स ने शेयरचैट रे इस्तेमाल करबा री शर्तां और कंटेंट &amp; कम्युनिटी गाइडलाइन्स ने पढ़णो और वाको पालन करणो अनिवार्य है।,ஷேர்சாட்டை மில்லியன் கணக்கானவர்களுக்கு பாதுகாப்பான மற்றும் ஊக்கமளிக்கும் இடமாக மாற்ற உள்ளடக்க கிரியேட்டர்கள் உதவுகிறார்கள்.  அனைத்து கிரியேட்டர்களும் ஷேர்சாட்டின்  பயன்பாட்டு விதிமுறைகள் மற்றும் உள்ளடக்கம் &amp;  சமூக வழிகாட்டுதல்களை ஏற்றுக்கொள்கிறார்கள் ,کونٹینٹ کریئٹرز شیئرچیٹ کو لاکھوں کے لیے ایک محفوظ اور متاثر کن جگہ بنانے میں مدد کرتے ہیں۔ تمام کریئٹرز کو شیئرچیٹ کے استعمال اور شرائط و ضوابط اور کمیونٹی گائڈلائنز سے اتفاق کرنا چاہیے,
tnc_kind,"Be Kind, Ensure content doesn\'t insult or put others down","দয়ালু হওক, নিশ্চিত কৰিব যাতে কন্টেন্টে আনক অপমান নকৰে","দয়ালু হোন, নিশ্চিত করুন কন্টেন্ট অন্যদের অপমান করেনা বা কাউকে ছোট করে দেখায় না ","दयालु बनीं, अउर सुनिश्चित करीं कि कंटेंट केहू के अपमान ना करेला या के नीचा ना दिखावेला",મન મોટું રાખો અને ખાતરી કરો કે કન્ટેન્ટ અન્યને અપમાનિત કરતું કે નીચું બતાવતું ન હોય.,"दयालु बणो, अर पक्का करो के कंटेंट किसी का अपमान नहीं करता या दूसरां नै नीचा नहीं दिखता","दयालु बनें, और सुनिश्चित करें कि कंटेंट किसी का अपमान नहीं करता या दूसरों को नीचा नहीं दिखता है ","ದಯೆಯಿಂದಿರಿ, ಕಂಟೆಂಟ್ ಇತರರನ್ನು ಅವಮಾನಿಸುವುದಿಲ್ಲ ಅಥವಾ ಬೇಸರಪಡಿಸುವುದಿಲ್ಲ ಎಂದು ಖಚಿತಪಡಿಸಿಕೊಳ್ಳಿ","മോശമായ അർത്ഥമുള്ള, മറ്റുള്ളവരെ അപമാനിക്കുന്ന തരത്തിലുള്ള കണ്ടന്റുകൾ പങ്കിടില്ലെന്ന് ഉറപ്പാക്കുക","दयाळू व्हा, कंटेंट इतरांचा अपमान करणार नाही किंवा त्यांना नीचा दाखवणार नाही याची खात्री करा","దయగా ఉండండి, కంటెంట్​ ఇతరులను అవమానించేదిగా, స్థాయిని తగ్గించేదిగా లేదని నిర్ధారించుకోండి","ଦୟାଳୁ ହୁଅନ୍ତୁ, ନିଶ୍ଚିତ କରନ୍ତୁ ଯେ କଣ୍ଟେଣ୍ଟ କାହାରିକୁ ଅପମାନିତ କରୁନାହିଁ କିମ୍ବା ଅନ୍ୟମାନଙ୍କୁ ନୀଚ୍ଚା ଦେଖାଉନାହିଁ ","ਦਿਆਲੂ ਬਣੋ, ਇਹ ਯਕੀਨੀ ਬਣਾਓ ਕਿ ਕੰਟੈਂਟ ਦੂਜਿਆਂ ਦਾ ਅਪਮਾਨ ਜਾਂ ਨੀਚਾ ਨਹੀਂ ਦਿਖਾਉਂਦਾ","दयालु बणो, और सुनिश्चित करो कि कंटेंट किसी को अपमान करे है या दूसरां ने नीचो कोनि दिखावे है","கனிவாக இருங்கள், பதிவு மற்றவர்களை அவமதிக்கவோ அல்லது தாழ்த்தவோ கூடாது ",مہربان بنیں، اس بات کو یقینی بنائیں کہ مواد دوسروں کی توہین تو نہیں کر رہا,
,"Be original, Do not violate copyright or third party IP","অৰিজিনেল হওক, কপিৰাইট বা তৃতীয় পক্ষৰ IP উলংঘা নকৰিব","অরিজিনাল হোন, কপিরাইট বা তৃতীয় পক্ষের IP লঙ্ঘন করবেন না","ओरिजनल बनीं, कॉपीराइट या थर्ड पार्टी IP के उल्लंघन ना करीं","ઓરિજિનલ બનો, કૉપિરાઇટ અથવા થર્ડ પાર્ટી IPનું ઉલ્લંઘન ના કરશો","ओरिजनल बणो, कॉपीराइट या थर्ड पार्टी IP का उल्लंघन ना करो","ओरिजनल बनें, कॉपीराइट या थर्ड पार्टी IP का उल्लंघन न करें","ಒರಿಜಿನಲ್ ಆಗಿರಲಿ, ಹಕ್ಕುಸ್ವಾಮ್ಯ ಅಥವಾ ಥರ್ಡ್ ಪಾರ್ಟಿಯ IP ಅನ್ನು ಉಲ್ಲಂಘಿಸಬೇಡಿ"," ഒറിജിനൽ ആയിരിക്കൂ,  കോപ്പിറൈറ്റോ,  തേർഡ് പാർട്ടി ഐപിയോ ലംഘിക്കരുത്","ओरिजिनल बना, कॉपीराईट किंवा थर्ड पार्टी IP चे उल्लंघन करू नका",ఒరిజినల్​గా ఉండండి కాపీరైట్​ లేదా థార్డ్​ పార్టీ IP ఉల్లంఘించకండి,"ଅରିଜିନାଲ ହୁଅନ୍ତୁ, କପିରାଇଟ୍ କିମ୍ବା ଥର୍ଡ ପାର୍ଟି IPକୁ ଉଲ୍ଲଂଘନ କରନ୍ତୁ ନାହିଁ","ਓਰਿਜਨਲ ਬਣੋ, ਕਾਪੀਰਾਈਟ ਜਾਂ ਥਰਡ ਪਾਰਟੀ ਦੇ IP ਦੀ ਉਲੰਘਣਾ ਨਾ ਕਰੋ","ओरिजनल बणो, कॉपीराइट या थर्ड पार्टी IP रो उल्लंघन मत करो","ஒரிஜினலாக இருங்கள், பதிப்புரிமை அல்லது மூன்றாம் தரப்பு ஐபியை மீறாதீர்கள்",اصلی مواد بنائیں، کاپی رائٹ یا تھرڈ پارٹی آئی پی کی خلاف ورزی نہ کریں,
tnc_trigger,"Be aware of triggers, Practice discretion when it comes to visually sensitive content","ট্ৰিগাৰক লৈ সাৱধান হওক, সংবেদনশীল কন্টেন্টৰ কথা আহিলে নিশ্চয়কৈ বিচাৰ-বিবেচনা কৰিহে কাম কৰিব","ট্রিগার সম্পর্কে সচেতন থাকুন, দৃশ্যত সংবেদনশীল কন্টেন্টের ক্ষেত্রে বিচার-বিবেচনা করে কাজ করুন","ट्रिगर्स से अवगत रहीं, जब विज़ुअली सेंसटिव कंटेंट के बात आवे त डिस्ट्रेक्शन के कोशिश करीं","ટ્રિગર્સ વિશે જાગૃત રહો, જ્યારે જોવામાં સંવેદનશીલ કન્ટેન્ટની વાત આવે ત્યારે વિવેકબુદ્ધિનો ઉપયોગ કરો","ट्रिगर्स तै अवगत रहो, जब विज़ुअली सेंसटिव कंटेंट की बात आती है तो डिस्ट्रेक्शन की कोशिश करो","ट्रिगर्स से अवगत रहें, जब विज़ुअली सेंसटिव कंटेंट की बात आती है तो डिस्ट्रेक्शन की कोशिश करें",ಪ್ರಚೋದಕಗಳ ಬಗ್ಗೆ ತಿಳಿದಿರಲಿ ಮತ್ತು ಸೂಕ್ಷ್ಮ ವಿಷಯಗಳ ಬಗ್ಗೆ ಹೆಚ್ಚು ಜಾಗರೂಕರಾಗಿರಿ!,"ട്രിഗറുകളെക്കുറിച്ച് അറിഞ്ഞിരിക്കുക, വിഷ്വലി സെൻസിറ്റീവ് ആയ കണ്ടന്റിന്റെ  കാര്യത്തിൽ കൂടുതൽ ശ്രദ്ധാലു ആയിരിക്കുക!","ट्रिगर्सबद्दल जागरुक राहा, व्हिजुअली सेन्सिटिव्ह कंटेंटची गोष्ट येते तेव्हा विवेकबुद्धी वापरण्याचा सराव करा ","ట్రిగ్గర్‌ల గురించి తెలుసుకోండి, విజువల్​గా సున్నితమైన కంటెంట్ విషయంలో విచక్షణను పాటించండి","ଟ୍ରିଗରଗୁଡ଼ିକ ବିଷୟରେ ସଚେତନ ରୁହନ୍ତୁ, ଯେତେବେଳେ ଭିଜୁଆଲି ସମ୍ବେଦନଶୀଳ କଣ୍ଟେଣ୍ଟ ଆସେ ସେତେବେଳେ ସାବଧାନତା ଅବଲମ୍ବନ କରନ୍ତୁ","ਟ੍ਰਿਗਰਸ ਤੋਂ ਸੁਚੇਤ ਰਹੋ, ਜਦੋਂ ਵਿਜ਼ੂਅਲੀ ਸੈਂਸਟਿਵ ਕੰਟੈਂਟ ਦੀ ਗੱਲ ਆਉਂਦੀ ਹੈ ਤਾਂ ਡਿਸਟ੍ਰੈਕਸ਼ਨ ਦੀ ਕੋਸ਼ਿਸ਼ ਕਰੋ","ट्रिगर्स स्यूं अवगत रहो, जब विजुअली सेंसटिव कंटेंट री बात आवे है तो डिस्ट्रेक्शन री कोशिश करो","தூண்டக்கூடிய உள்ளடக்கத்தை பற்றி எச்சரிக்கையாக இருங்கள், பார்வைக்கு சங்கடமாக இருக்கும் உள்ளடக்கத்தை பார்க்க விருப்புரிமை வழங்குங்கள் ",محرکات سے آگاہ رہیں، جب بصری طور پر حساس مواد کی بات ہو تو صوابدید پر عمل کریں,
tnc_inclusion,"Practice inclusion, Never intentionally exclude certain groups or communities","অন্তৰ্ভুক্তিৰ অভ্যাস কৰক, কেতিয়াও ইচ্ছাকৃতভাৱে কোনো গোট বা কমিউনিটিক বাদ নিদিব","অন্তর্ভুক্তির অভ্যাস করুন, ইচ্ছাকৃতভাবে নির্দিষ্ট গোষ্ঠী বা কমিউনিটিগুলিকে বাদ দেবেন না","इन्क्लूज़न के प्रैक्टिस करीं, कब्बो भी जानबूझके कवनो ग्रुप्स या कम्युनिटी के बहिष्कृत ना करीं","સૌને સાથે રાખીને વધવાનો પ્રયત્ન કરો, અમુક જૂથો અથવા સમુદાયોને જાણે જોઈને ક્યારેય બાકાત રાખશો નહીં","इन्क्लूज़न की प्रैक्टिस करो, कदे भी जानबूझकर कुछ ग्रुप्स या कम्युनिटी नै बहिष्कृत ना करो","इन्क्लूज़न की प्रैक्टिस करें, कभी भी जानबूझकर कुछ ग्रुप्स या कम्युनिटी को बहिष्कृत न करें","ಸೇರ್ಪಡೆಯನ್ನು ಅಭ್ಯಾಸ ಮಾಡಿ, ಉದ್ದೇಶಪೂರ್ವಕವಾಗಿ ಕೆಲವು ಗುಂಪುಗಳು ಅಥವಾ ಸಮುದಾಯಗಳನ್ನು ಎಂದಿಗೂ ಹೊರಗಿಡಬೇಡಿ"," ഉൾക്കൊള്ളാൻ പരിശീലിക്കുക, ചില ഗ്രൂപ്പുകളെയോ കമ്മ്യൂണിറ്റികളെയോ ഒരിക്കലും മനഃപൂർവ്വം ഒഴിവാക്കരുത്","समावेश करण्याचा सराव ठेवा,काही गट किंवा कम्युनिटी जाणूनबुजून कधीही वगळू नका","ఇంక్లూజన్​ను ప్రాక్టీస్ చేయండి, ఉద్దేశపూర్వకంగా నిర్దిష్ట గ్రూప్స్​ లేదా కమ్యూనిటీలను ఎప్పుడూ మినహాయించవద్దు","ଅନ୍ତର୍ଭୁକ୍ତିକରଣ ନିୟମ ପାଳନ କରନ୍ତୁ, ନିର୍ଦ୍ଦିଷ୍ଟ ଗୋଷ୍ଠୀ କିମ୍ବା ସମ୍ପ୍ରଦାୟକୁ କଦାପି ଉଦ୍ଦେଶ୍ୟମୂଳକ ଭାବରେ ବାଦ ଦିଅନ୍ତୁ ନାହିଁ","ਇੰਕਲੂਜ਼ਨ ਦੀ ਪ੍ਰੈਕਟਿਸ ਕਰੋ, ਕਦੇ ਵੀ ਜਾਣਬੁੱਝ ਕੇ ਕੁੱਝ ਗਰੂਪਸ ਜਾਂ ਕਮਿਊਨਿਟੀ ਨੂੰ ਬਾਹਰ ਨਾ ਰੱਖੋ","इन्क्लूज़न री प्रैक्टिस करो, कभी भी जानबूझकर कुछ ग्रुप्स या कम्युनिटी ने बहिष्कृत मत करो","அனைவரையும் ஒன்றாக பாருங்கள், குறிப்பிட்ட குழுக்கள் அல்லது சமூகத்தை  ஒருபோதும் வேண்டுமென்றே ஒதுக்கிவிடாதீர்கள்",شمولیت کی مشق کریں، بعض گروپس یا کمیونٹیز کو کبھی بھی جان بوجھ کر خارج نہ کریں,
tnc_no_harm,"Do no harm, Make sure any call to action or challenge is safe","কোনোধৰণৰ ক্ষতি নকৰিব, নিশ্চিত কৰিব যাতে আহ্বান কৰা কাম বা চেলেঞ্জবোৰ সুৰক্ষিত","কোনও ক্ষতি করবেন না, নিশ্চিত করুন আপনার করণীয় সকল কাজ বা চ্যালেঞ্জ সুরক্ষিত আছে ","कवनो नुकसान ना करीं, सुनिश्चित करीं कि कवनो भी कॉल टू एक्शन या चैलेंज सुरक्षित बा","કોઈને નુકસાન ન કરો, ખાતરી કરો કે કોઈપણ કૉલ ટુ એક્શન અથવા ચેલેન્જ સુરક્ષિત છે","कोई नुकसान ना करो, पक्का करो के कोई भी कॉल टू एक्शन या चैलेंज सुरक्षित सै","कोई नुकसान न करें, सुनिश्चित करें कि कोई भी कॉल टू एक्शन या चैलेंज सुरक्षित है","ಯಾವುದೇ ಹಾನಿ ಮಾಡಬೇಡಿ, ಆ್ಯಕ್ಷನ್ ಅಥವಾ ಚಾಲೆಂಜ್ ಗಳು  ಸುರಕ್ಷಿತವಾಗಿದೆ ಎಂದು ಖಚಿತಪಡಿಸಿಕೊಳ್ಳಿ", ആക്‌ഷൻ കോളുകളും അല്ലെങ്കിൽ ചലഞ്ചുകളും സുരക്ഷിതവും ബുദ്ധിമുട്ട് ഉണ്ടാക്കുന്നതല്ലെന്നും ഉറപ്പിക്കുക.,"कोणतीही हानी करू नका, कोणतीही कॉल टू अ‍ॅक्शन किंवा चॅलेंज सुरक्षित असल्याची खात्री करा","ఎలాంటి హాని చేయకండి, ఏదైనా కాల్ టు యాక్షన్ లేదా ఛాలెంజ్ సురక్షితంగా ఉందని నిర్ధారించుకోండి","କାହାର କୌଣସି କ୍ଷତି କର ନାହିଁ, ନିଶ୍ଚିତ କରନ୍ତୁ ଯେ ଆପଣଙ୍କର କୌଣସି କାର୍ଯ୍ୟ କିମ୍ବା ଚ୍ୟାଲେଞ୍ଜ ସୁରକ୍ଷିତ ଅଛି","ਕੋਈ ਨੁਕਸਾਨ ਨਾ ਕਰੋ, ਯਕੀਨੀ ਬਣਾਓ ਕਿ ਕੋਈ ਵੀ ਕਾਲ ਟੂ ਐਕਸ਼ਨ ਜਾਂ ਚੈਲੇਂਜ ਸੁਰੱਖਿਅਤ ਹੈ","कोई नुकसान मत करो, सुनिश्चित करो कि हर कॉल टू एक्शन या चैलेंज सुरक्षित है","எந்தத் தீங்கும் செய்யாதீர்கள், செயல் அல்லது சேலஞ்ச் என அனைத்தும் பாதுகாப்பானதா என்பதை உறுதிப்படுத்திக் கொள்ளுங்கள்",کوئی نقصان نہ پہنچائیں، یہ یقینی بنائیں کہ کوئی بھی کال ٹو ایکشن یا چیلنج سیف ہے,
tnc_read_more,View our Terms of Use,ব্যৱহাৰৰ বাবে আমাৰ চৰ্তাৱলী চাওক,ব্যবহারের শর্তাবলী দেখুন ,हमनी के इस्तेमाल कइला के शर्त देखीं,અમારી ઉપયોગની શરતો જુઓ,म्हारी इस्तेमाल की शर्तों नै देखो,हमारी इस्तेमाल की शर्तों को देखें,ನಮ್ಮ ಬಳಕೆಯ ನಿಯಮಗಳನ್ನು ವೀಕ್ಷಿಸಿ,ഞങ്ങളുടെ  ടേംസ് ഓഫ് യൂസ് മനസിലാക്കുക ,आमच्या वापराच्या अटी पहा,మా వినియోగ నిబంధనలు చూడండి,ଆମର ସର୍ତ୍ତାବଳୀ ଦେଖନ୍ତୁ,ਸਾਡੀ ਵਰਤੋਂ ਦੀਆਂ ਸ਼ਰਤਾਂ ਦੇਖੋ,म्हाकी इस्तेमाल री शर्तां ने देखो,எங்கள் பயன்பாட்டு விதிமுறைகளைப் பார்க்கவும்,ہمارے استعمال کی شرائط دیکھیں,
tnc_content_more,View our Content &amp; Community Guidelines,আমাৰ কন্টেন্ট &amp; কমিউনিটি গাইডলাইন চাওক,কন্টেন্ট &amp; কমিউনিটি গাইডলাইন দেখুন ,हमनी के कंटेंट के देखीं &amp; कम्युनिटी गाइडलाइन्स ,અમારું કન્ટેન્ટ &amp જુઓ; કોમ્યુનિટી ગાઇડલાઇન,म्हारा कंटेंट देखो &amp; कम्युनिटी गाइडलाइन्स,हमारे कंटेंट देखें &amp; कम्युनिटी गाइडलाइन्स ,ನಮ್ಮ ಕಂಟೆಂಟ್ ವೀಕ್ಷಿಸಿ &amp; ಕಮ್ಯುನಿಟಿ ಮಾರ್ಗಸೂಚಿಗಳು,ഞങ്ങളുടെ കണ്ടന്റ്&amp പരിശോധിക്കുക; കമ്മ്യൂണിറ്റി ഗൈഡ് ലൈൻസ്,आमचे कंटेंट &amp; कम्युनिटी गाईडलाईन्स पहा ,మా కంటెంట్​ &amp; కమ్యూనిటీ మార్గదర్శకాలు చూడండి,ଆମର କଣ୍ଟେଣ୍ଟ ଦେଖନ୍ତୁ; କମ୍ୟୁନିଟି ଗାଇଡଲାଇନ୍,ਸਾਡੇ ਕੰਟੈਂਟ ਦੇਖੋ &amp; ਕਮਿਊਨਿਟੀ ਗਾਈਡਲਾਇੰਸ ,म्हाके कंटेंट ने देखो &amp; कम्युनिटी गाइडलाइन्स,எங்கள் உள்ளடக்கம் &amp; சமூக வழிகாட்டுதல்களை பார்க்கவும்,ہمارا مواد دیکھیں &amp; کمیونٹی گائیڈ لائنز,
all_accepted,Accepted,এক্সেপ্টেড,অ্যাক্সেপ্টেড ,स्वीकार कइल गइल,સ્વિકારવામાં આવ્યું,स्वीकार करा गया,स्वीकार किया गया ,ಸ್ವೀಕರಿಸಲಾಗಿದೆ,അക്സപ്റ്റ് ചെയ്തിരിക്കുന്നു,स्वीकारले,అంగీకరించబడింది,ଆସେପ୍ଟ କରାଯାଇଛି,ਸਵੀਕਾਰ ਕਰ ਲਿਆ,स्वीकार कियो गयो,ஏற்றுக்கொள்ளப்பட்டது ,قبول کر لیا گیا,
all_accept,Accept,এক্সেপ্ট,অ্যাক্সেপ্ট ,स्वीकार,સ્વિકારો,स्वीकार करना,स्वीकार करना ,ಸ್ವೀಕರಿಸಿ, ആക്സപ്റ്റ് ,स्वीकारा,అంగీకరించు,ଆସେପ୍ଟ କରନ୍ତୁ,ਸਵੀਕਾਰ ਕਰੋ,स्वीकार करणा,ஏற்றுக்கொள் ,قبول کریں,
all_close,Close,বন্ধ,বন্ধ ,बंद ,બંધ કરો,बंद,बंद ,ಮುಚ್ಚಿ,ക്ലോസ് ,बंद,మూసివేయు,ବନ୍ଦ,ਬੰਦ ਕਰੋ,बंद,மூடவும் ,بند کریں,
all_share,Share,শ্বেয়াৰ,শেয়ার ,शेयर करीं,શેર કરો,शेयर करो,शेयर करें ,ಶೇರ್ ಮಾಡಿ,ഷെയർ  ,शेअर करा,షేర్ చేేయండి,ଶେୟର କରନ୍ତୁ,ਸ਼ੇਅਰ ਕਰੋ,शेयर करो,ஷேர்,شیئر کریں,
swipe_up,Swipe up for more,অধিকৰ বাবে চোৱাইপ আপ কৰক,আরও জানতে সোয়াইপ করুন ,अधिक जाने खातिर ऊपर के ओर स्वाइप करीं,વધુ જાણવા માટે ઉપર સ્વાઇપ કરો,और ज्यादा जानण खात्तर ऊपर की तरफ स्वाइप करो,अधिक जानने के लिए ऊपर की ओर स्वाइप करें,ಹೆಚ್ಚಿನದಕ್ಕಾಗಿ ಮೇಲಕ್ಕೆ ಸ್ವೈಪ್ ಮಾಡಿ,കൂടുതൽ കാര്യങ്ങൾക്കായി മുകളിലേക്ക് സ്വൈപ്പ് ചെയ്യൂ,अधिक जाणून घेण्यासाठी वर स्वाईप करा,మరింత తెలుసుకునేందుకు పైకి స్వైప్ చేయండి,ଅଧିକ ଜାଣିବା ପାଇଁ ସ୍ୱାଇପ୍ କରନ୍ତୁ,ਹੋਰ ਜਾਣਨ ਲਈ ਉੱਪਰ ਵੱਲ ਸਵਾਈਪ ਕਰੋ,अधिक जाणबा खातिर ऊपर री ओर स्वाइप करो,மேலும் அறிய மேலே ஸ்வைப் செய்யவும் ,مزید جاننے کے لیے اوپر سوائپ کریں,
go_to_profile,Go to profile,প্ৰ'ফাইললৈ যাওক,প্রোফাইলে যান ,प्रोफाइल पे जाईं,પ્રોફાઇલ પર જાઓ,प्रोफाइल पै जाओ,प्रोफाइल पर जाएं,ಪ್ರೊಫೈಲ್‌ಗೆ ಹೋಗಿ, പ്രൊഫൈലിലേക്ക് പോകൂ ,प्रोफाईलवर जा ,ప్రొఫైల్​కు వెళ్లండి,ପ୍ରୋଫାଇଲକୁ ଯାଆନ୍ତୁ,ਪ੍ਰੋਫਾਈਲ 'ਤੇ ਜਾਓ,प्रोफाइल पे जाओ,ப்ரோஃபைலுக்குள் போகவும் ,پروفائل پر جائیں,
duration,Duration - %s,সময় - %s,সময় - %s,अवधि - %s,સમયગાળો - %s,अवधि - %s,अवधि - %s,"
ಅವಧಿ - %s",ഡ്യൂറേഷൻ - %s,कालावधी - %s,వ్యవధి - %s,ଅବଧି -%s,ਮਿਆਦ - %s,अवधि - %s,கால அளவு - %s,دورانیہ - %s,
follow_and_leave,Follow and leave,ফলো কৰক আৰু এৰক,ফলো করুন বা লিভ করুন ,फॉलो करीं अउर छोड़ीं,ફોલો કરો અને છોડો,फॉलो करो अर छोड़ो,फॉलो करें और छोड़ें,ಫಾಲೋ ಮಾಡಿ ಮತ್ತು ಬಿಡಿ,"ഫോളോ ചെയ്യുകയും, ലീവ് ചെയ്യുകയും ചെയ്യൂ",फॉलो करा आणि सोडा ,ఫాలో మరియు వదిలేయండి,ଫଲୋ କରନ୍ତୁ ଏବଂ ଚାଲିଯାଆନ୍ତୁ,ਪਾਲਣਾ ਕਰੋ ਅਤੇ ਛੱਡੋ,फॉलो करो और छोड़ो,ஃபாலோ செய்து வெளியேறவும் ,فالو کریں اور چھوڑیں,
follow_me,Follow me,মোক ফলো কৰক,আমাকে ফলো করুন ,हमरा के फॉलो करीं,મને ફોલો કરો,मन्नै फॉलो करो,मुझे फॉलो करें,ನನ್ನನ್ನು ಫಾಲೋ ಮಾಡಿ,എന്നെ ഫോളോ ചെയ്യൂ,मला फॉलो करा,నన్ను ఫాలో అవండి,ମୋତେ ଫଲୋ କରନ୍ତୁ,ਮੈਨੂੰ ਫੋਲੋ ਕਰੋ ,मन्ने फॉलो करो,என்னை ஃபாலோ செய்யவும் ,مجھے فالو کریں,
follow_me_desc,"To watch more of my videos, and to get notified when I go live",মোৰ আৰু অধিক ভিডিঅ' চাবলৈ আৰু মই লাইভ হ'লে নটিফিকেচন পাবলৈ,আমার আরও ভিডিও দেখতে ও আমি যখন লাইভ করব তখন নোটিফিকেশন পেতে ,हमार अउर ज्यादा वीडियो देखे अउर हमरा साथे लाइव होखला के सूचना पावे खातिर,મારા વધુ વિડિઓ જોવા અને જ્યારે હું લાઈવ જાઉં ત્યારે નોટિફિકેશન મેળવવા માટે,"मेरे और ज्यादा वीडियो देखण खात्तर, और मेरे लाइव होण पै सूचना पाण खात्तर ","मेरे और ज्यादा वीडियो देखने के लिए, और मेरे लाइव होने पर सूचना पाने के लिए",ನನ್ನ ಹೆಚ್ಚಿನ ವಿಡಿಯೋಗಳನ್ನು ವೀಕ್ಷಿಸಲು ಮತ್ತು ನಾನು ಲೈವ್‌ಗೆ ಹೋದಾಗ ಸೂಚನೆ ಪಡೆಯಲು,എന്റെ കൂടുതൽ വീഡിയോസ് കാണാനും ഞാൻ ലൈവ്  പോകുമ്പോൾ  നോട്ടിഫിക്കേഷൻ ലഭിക്കാനും,माझे आणखी व्हिडीओ पाहण्यासाठी आणि मी लाईव्ह आल्यावर सूचना मिळवण्यासाठी,"నా వీడియోలు మరిన్ని చూసేందుకు, నేను లైవ్​కు వచ్చినప్పిడు నోటిఫై చేసేందుకు",ମୋର ଅଧିକ ଭିଡିଓ ଦେଖିବା ପାଇଁ ଏବଂ ଯେତେବେଳେ ମୁଁ ଲାଇଭ୍ ଯାଏ ନୋଟିଫିକେସନ୍ ପାଇବା ପାଇଁ,"ਮੇਰੇ ਹੋਰ ਵੀਡੀਓ ਦੇਖਣ ਲਈ, ਅਤੇ ਮੇਰੇ ਲਾਈਵ ਹੋਣ 'ਤੇ ਸੂਚਨਾ ਪ੍ਰਾਪਤ ਕਰਨ ਲਈ","म्हारा और ज्यादा वीडियो देखबा खातिर, और म्हारा लाइव होबा पे सूचना पाणे खातिर","எனது வீடியோக்களை அதிகமாக பார்ப்பதற்கும், லைவ்  வரும்போது அறிவிப்பைப் பெறுவதற்கும்",میری مزید ویڈیوز دیکھنے کے لیے اور جب میں لائیو ہوں تو مطلع  کرنے کے لیے,
all_like,Like ,লাইক,লাইক ,लाइक करीं,લાઇક,लाइक,लाइक,ಲೈಕ್,ലൈക്ക് ,लाईक,లైక్,ଲାଇକ୍ କରନ୍ତୁ,ਲਾਇਕ ,लाइक,லைக் ,لائک کریں,
you_are_live,You are live now!,আপুনি এতিয়া লাইভত আছে!,আপনি এখন লাইভ আছেন! ,रउवा अभी लाइव बानी!,તમે હવે લાઇવ છો!,ईबे थाम लाइव सो!,आप अभी लाइव हैं!,ನೀವು ಈಗ ಲೈವ್ ನಲ್ಲಿದ್ದೀರಿ!,നിങ്ങളിപ്പോൾ ലൈവ് ആണ് ,तुम्ही आत्ता लाईव्ह आहात,మీరు ఇప్పుడు లైవ్​లో ఉన్నారు!,ଆପଣ ଏବେ ଲାଇଭ୍!,ਤੁਸੀਂ ਹੁਣ ਲਾਈਵ ਹੋ!,आप अभी लाइव हो!,இப்போது நீங்கள் லைவில் உள்ளீர்கள்!,آپ ابھی لائیو ہیں!,
going_live_in,Going live in,লাইভ হৈ আছে,লাাইভ হতে চলেছে ,लाइव जा रहल बानी,લાઇવ જઈ રહ્યા છે,लाइव जा रहे सो,लाइव जा रहे हैं,"
ಲೈವ್ ಆಗುತ್ತಿದೆ",ലൈവ് ആകാൻ പോകുന്നു,मध्ये लाईव्ह जात आहोत,లైవ్​ నడుస్తోంది,ଲାଇଭ୍ ଯିବା,ਲਾਈਵ ਜਾ ਰਹੇ ਹੋ ,लाइव जा रिया है,லைவ் செல்கிறேன் ,لائیو جا رہے ہیں,
cover,Cover,কভাৰ,কভার ,कवर,કવર ,कवर,कवर,ಕವರ್,കവർ ,कव्हर,కవర్​,କଭର,ਕਵਰ,कवर,கவர் ,کوور,
select_topic,Select Topic,বিষয় বাছনি কৰক,টপিক সিলেক্ট করুন ,टॉपिक चुनीं,ટોપિક પસંદ કરો,टॉपिक चुणओ,टॉपिक चुनें,ವಿಷಯವನ್ನು ಆಯ್ಕೆಮಾಡಿ,ടോപ്പിക് സെലക്ട് ചെയ്യൂ,टॉपिक निवडा,టాపిక్ ఎంచుకోండి,ବିଷୟ ଚୟନ କରନ୍ତୁ,ਟੌਪਿਕ ਚੁਣੋ,टॉपिक चुणो,தலைப்பை தேர்ந்தெடு ,ٹاپک چنیں,
placeholder_live_title,Add title for Live Video,লাইভ ভিডিঅ'ৰ বাবে টাইটেল আপলোড কৰক,লাইভ ভিডিওর টাইটেল অ্যাড করুন ,लाइव वीडियो खातिर टाइटल जोड़ीं,લાઇવ વિડિઓ માટે ટાઇટલ ઉમેરો,लाइव वीडियो खात्तर टाइटल जोड़ो,लाइव वीडियो के लिए टाइटल जोड़ें,ಲೈವ್ ವಿಡಿಯೋಗಾಗಿ ಟೈಟಲ್ ಸೇರಿಸಿ, ലൈവ് വീഡിയോയ്ക്ക് ടൈറ്റിൽ ആഡ് ചെയ്യൂ,लाईव्ह व्हिडीओसाठी टायटल ॲड करा ,లైవ్​ వీడియోకు టైటిల్ జోడించండి,ଲାଇଭ୍ ଭିଡିଓ ପାଇଁ ଟାଇଟଲ୍ ଆଡ୍,ਲਾਈਵ ਵੀਡੀਓ ਲਈ ਟਾਈਟਲ ਚੁਣੋ ,लाइव वीडियो खातिर टाइटल जोड़ो,லைவ் வீடியோவிற்கு தலைப்பை சேர்க்கவும் ,لائیو ویڈیو کے لیے ٹائٹل شامل کریں,
update_now,Update Now,এতিয়াই আপডেট কৰক,এখনই আপডেট করুন ,अभी अपडेट करीं,હમણાં જ અપડેટ કરો,ईबे अपडेट करो,अभी अपडेट करें,ಈಗ ಅಪ್‌ಡೇಟ್ ಮಾಡಿ, ഇപ്പോൾ അപ്‌ഡേറ്റ് ചെയ്യൂ,आत्ता अपडेट करा ,ఇప్పుడే అప్​డేట్ చేయండి,ଏବେ ହିଁ ଅପଡେଟ୍ କରନ୍ତୁ,ਹੁਣੇ ਅੱਪਡੇਟ ਕਰੋ,अभी अपडेट करो,இப்போது அப்டேட் செய்யவும் ,ابھی اپڈیٹ کریں,
not_now,Not Now,এতিয়া নহয়,এখন নয়,अभी ना,અત્યારે નહીં,ईबे नहीं,अभी नहीं,ಈಗ ಬೇಡ,ഇപ്പോഴല്ല,आत्ता नाही,ఇప్పుడు కాదు,ଏବେ ନୁହେଁ,ਹਾਲੇ ਨਹੀਂ,अभी नहीं,இப்போது வேண்டாம் ,ابھی نہیں,
content_description_app_update_nudge,App Update Nudge,এপ আপডেট নাজ,অ্যাপ আপডেট নাজ,ऐप अपडेट नज,એપ્લિકેશન અપડેટ નજ,एप्प अपडेट नज,ऐप अपडेट नज,ಆ್ಯಪ್ ಅಪ್‌ಡೇಟ್ ನಜ್,ആപ്പ് അപ്‌ഡേറ്റ് നഡ്‌ജ്‌ (അറിയിക്കൂ),ॲप अपडेट नज,యాప్​ అప్​డేట్​ నాజ్​,ଆପ୍ ଅପଡେଟ୍ ନଜ୍,ਐਪ ਅੱਪਡੇਟ ਨਜ,ऐप अपडेट नज,ஆப் அப்டேட் நட்ஜ் ,ایپ اپ ڈیٹ نج,
title_upload_cover,Upload Cover image,কভাৰ ফটো আপলোড,কভার ফটো আপডেট করুন ,कवर इमेज अपलोड करीं,કવર ઇમેજ અપલોડ કરો,कवर इमेज अपलोड करो,कवर इमेज अपलोड करें,ಕವರ್ ಇಮೇಜ್ ಅಪ್ಲೋಡ್ ಮಾಡಿ, കവർ ഇമേജ് അപ്‌ലോഡ് ചെയ്യൂ ,कव्हर इमेज अपलोड करा,కవర్ ఇమేజ్ అప్లోడ్ చేయండి,କଭର୍ ଇମେଜ୍ ଅପଲୋଡ୍ କରନ୍ତୁ,ਕਵਰ ਇਮੇਜ ਅੱਪਲੋਡ ਕਰੋ,कवर इमेज अपलोड करो,கவர் படத்தை அப்லோட் செய்யவும் ,کوور تصویر اپلوڈ کریں,
camera,Camera,কেমেৰা ,ক্যামেরা ,कैमरा,કેમેરા,कैमरा,कैमरा,ಕ್ಯಾಮೆರಾ,ക്യാമറ ,कॅमेरा ,కెమెరా,କ୍ୟାମେରା,ਕੈਮਰਾ,कैमरा  ,கேமரா ,کیمرہ,
selected_cover_image,Selected cover image,বাছনি কৰা কভাৰ ফটো,বাছাই করা কভার ফটো ,चुनल गइल कवर इमेज,પસંદ કરેલ કવર ઇમેજ,चुणी गई कवर इमेज,चुनी गई कवर इमेज,ಆಯ್ಕೆ ಮಾಡಿದ ಕವರ್ ಇಮೇಜ್, കവർ ഇമേജ് സെലക്ട് ചെയ്യൂ ,निवडलेली कव्हर इमेज,కవర్ ఇమేజ్ ఎంపిక చేసుకోండి,ବଛାଯାଇଥିବା କଭର ଇମେଜ୍,ਚੁਣਿਆ ਕਵਰ ਇਮੇਜ ,चुणी गई कवर इमेज,தேர்ந்தெடுக்கப்பட்ட கவர் படம் ,کوور تصویر منتخب کریں,
tooltip_go_live,Tap here to Go Live,লাইভ হ'বলৈ ইয়াত টেপ কৰক,লাইভ করার জন্য এখানে ট্যাপ করুন ,लाइव होखे खातिर इहां टैप करीं,લાઇવ થવા માટે અહીં ટેપ કરો,लाइव होण खात्तर यहां टैप करो,लाइव होने के लिए यहां टैप करें,ಲೈವ್‌ಗೆ ಹೋಗಲು ಇಲ್ಲಿ ಟ್ಯಾಪ್ ಮಾಡಿ,ലൈവ് പോകാൻ ഇവിടെ ടാപ്പ് ചെയ്യൂ,लाईव्ह जाण्यासाठी येथे टॅप करा,లైవ్​కు వెళ్లేందుకు ఇక్కడ టాప్ చేయండి,ଲାଇଭ୍ ଯିବାପାଇଁ ଏଠାରେ ଟ୍ୟାପ୍ କରନ୍ତୁ,ਲਾਈਵ ਹੋਣ ਲਈ ਇੱਥੇ ਟੈਪ ਕਰੋ,लाइव होबा खातिर अठे टैप करो,லைவ் செல்ல இங்கே தட்டவும் ,لائیو جانے کے لیے یہاں کلک کریں,
remove,Remove,ৰিমুভ,রিমুভ ,हटाई ,દૂર કરો,हटाना,हटाना,ತೆಗೆದುಹಾಕಿ, റിമൂവ് ചെയ്യൂ,रिमूव्ह,తొలగించండి,ହଟାଇ ଦିଅନ୍ତୁ,ਹਟਾਉਣਾ ,हटाना,அகற்று ,ہٹائیں,
quit,Quit ,এৰি যোৱা,বন্ধ ,छोड़ी ,છોડો,छोड़ना,छोड़ना,ನಿಲ್ಲಿಸಿ,ക്വിറ്റ് ചെയ്യൂ,सोडा,నిష్క్రమించండి,ଛାଡ଼ିଦିଅନ୍ତୁ,ਛੱਡਣਾ,छोड़ना,விலகு ,چھوڑیں,
live_now,Live Now,এতিয়াই লাইভ হৈ আছে,এখন লাইভ রয়েছে ,अब लाइव बा,હવે લાઇવ છે,ईब लाइव सै,अब लाइव हैं,ಈಗ ಲೈವ್,ഇപ്പോൾ ലൈവാണ് ,आत्ता लाईव्ह आहे,లైవ్​కు వెళ్లండి,ଏବେ ହିଁ ଲାଇଭ୍ କରନ୍ତୁ,ਹੁਣੇ ਲਾਈਵ,अब लाइव हैं,இப்போது லைவில் உள்ளது ,ابھی لائیو ہے,
content_desc_block_the_user,Block the user,ইউজাৰক ব্লক কৰক,ইউজারকে ব্লক করুন ,यूजर के ब्लॉक करीं,યુઝરને બ્લો્ક કરો,यूजर नै ब्लॉक करो,यूजर को ब्लॉक करें ,ಯೂಸರ್ ಅನ್ನು ಬ್ಲಾಕ್ ಮಾಡಿ,യൂസറിനെ ബ്ലോക്ക് ചെയ്യൂ,युझरला ब्लॉक करा ,యూజర్​ను బ్లాక్ చేయండి,ୟୁଜରଙ୍କୁ ବ୍ଲକ୍ କରନ୍ତୁ,ਯੂਜ਼ਰ ਨੂੰ ਬਲੌਕ ਕਰੋ,यूजर ने ब्लॉक करो,பயனரை தடை செய்யவும் ,اس یوزر کو بلاک کریں,
co_host,Co-host,সহ-হোষ্ট,সহকারি হোস্ট ,को-होस्ट ,કો-હોસ્ટ,को-होस्ट,को-होस्ट ,ಕೋ-ಹೋಸ್ಟ್, കോ-ഹോസ്റ്റ് ,को-होस्ट,కో-హోస్ట్​,କୋ-ହୋଷ୍ଟ,ਕੋ-ਹੋਸਟ ,को-होस्ट,கோ-ஹோஸ்ட் ,کو-ہوسٹ,
co_hosts,Co-hosts,সহ-হোষ্টসকল,সকল সহকারি-হোস্ট,को-होस्ट्स ,કો-હોસ્ટ્સ,को-होस्ट्स,को-होस्ट्स ,ಕೋ-ಹೋಸ್ಟ್ ಗಳು,  കോ-ഹോസ്റ്റ്സ്,को-होस्ट्स,కో-హోస్ట్​,କୋ-ହୋଷ୍ଟମାନେ,ਕੋ-ਹੋਸਟਸ  ,को-होस्ट्स,கோ-ஹோஸ்ட்கள் ,کو-ہوسٹس,
host,Host,হোষ্ট,হোস্ট ,होस्ट ,હોસ્ટ,होस्ट,होस्ट ,ಹೋಸ್ಟ್, ഹോസ്റ്റ് ,होस्ट,హోస్ట్​,ହୋଷ୍ଟ,ਹੋਸਟ ,होस्ट,ஹோஸ்ட் ,ہوسٹ,
type_here,Type here…,ইয়াত টাইপ কৰক...,এখানে টাইপ করুন ,इहाँ टाइप करीं,અહીં ટાઇપ કરો,यहां टाइप करो,यहां टाइप करें ,ಇಲ್ಲಿ ಟೈಪ್ ಮಾಡಿ…,ഇവിടെ ടൈപ്പ് ചെയ്യൂ ,येथे टाईप करा,ఇక్కడ టైప్ చేయండి,ଏଠାରେ ଟାଇପ୍ କରନ୍ତୁ…,ਇੱਥੇ ਟਾਈਪ ਕਰੋ…,अठे टाइप करो,இங்கே டைப் செய்யவும்...,یہاں لکھیں۔۔۔,
comments_off,Comments disabled,কমেণ্ট বন্ধ কৰি ৰখা হৈছে,কমেন্ট বন্ধ করে রাখা হয়েছে ,कमेंट्स डिसएबल बा,કમેન્ટ ડિસેબલ છે,कमेंट्स डिसएबल सै,कमेंट्स डिसएबल हैं,"
ಕಾಮೆಂಟ್‌ಗಳನ್ನು ನಿಷ್ಕ್ರಿಯಗೊಳಿಸಲಾಗಿದೆ",കമന്റ്സ് ഡിസേബിൾ ആണ് ,कमेंट्स डिसेबल केल्या,కామెంట్స్ నిలిపివేయబడ్డాయి,କମେଣ୍ଟଗୁଡିକ ଡିସଏବଲ କରାଯାଇଛି,ਕਮੈਂਟ ਬੰਦ ਕੀਤੇ ਗਏ ,कमेंट्स डिसएबल है,கமெண்ட்கள் முடக்கப்பட்டுள்ளன,کمنٹس غیر فعال ہیں,
exceeded_character_limit,Exceeded Character Limit,শব্দৰ সীমা অতিক্ৰম কৰিছে,শব্দসীমা অতিক্রান্ত ,कैरेक्टर लिमिट पार कर गइल,અક્ષર મર્યાદા ઓળંગી,कैरेक्टर लिमिट पार कर गया,कैरेक्टर लिमिट को पार कर गया,ಅಕ್ಷರ ಮಿತಿಯನ್ನು ಮೀರಿದೆ,ക്യാരക്ടർ ലിമിറ്റ് അതിര് കവിഞ്ഞിരിക്കുന്നു ,कॅरेक्टर लिमिट ओलांडली,చాట్​రూమ్​ పరిమితి దాటింది,ଅକ୍ଷର ସୀମା ଅତିକ୍ରମ କରିଯାଇଛି,ਅੱਖਰ ਸੀਮਾ ਤੋਂ ਵੱਧ ਹਨ ,कैरेक्टर लिमिट ने पार कर गयो,எழுத்து வரம்பு மீறப்பட்டது ,کریکٹر کی حد سے تجاوز ہو گیا ہے,
post_message,Post,পোষ্ট,পোস্ট ,पोस्ट,પોસ્ટ,पोस्ट,पोस्ट,ಪೋಸ್ಟ್, പോസ്റ്റ് ,पोस्ट,పోస్ట్​,ପୋଷ୍ଟ କରନ୍ତୁ,ਪੋਸਟ,पोस्ट,போஸ்ட் ,پوسٹ کریں,
flash_not_available,Flash not available,ফ্লেছ উপলব্ধ নাই,ফ্ল্যাশ উপলব্ধ নেই ,फ्लैश उपलब्ध ना बा,ફ્લેશ ઉપલબ્ધ નથી,फ्लैश उपलब्ध नहीं सै,फ्लैश उपलब्ध नहीं है,ಫ್ಲ್ಯಾಶ್ ಲಭ್ಯವಿಲ್ಲ,ഫ്ലാഷ് ലഭ്യമല്ല ,फ्लॅश उपलब्ध नाही,ఫ్లాష్ అందుబాటులో లేదు,ଫ୍ଲାସ୍ ଉପଲବ୍ଧ ନାହିଁ,ਫਲੈਸ਼ ਉਪਲਬਧ ਨਹੀਂ ਹੈ,फ्लैश उपलब्ध कोनि है,ஃபிளாஷ் இல்லை  ,فلیش دستیاب نہیں ہے,
live_stream_ended,Live Stream Has Ended,লাইভ ষ্টীম শেষ হৈ গৈছে,লাইভ স্ট্রিম শেষ হয়ে গিয়েছে ,लाइव स्ट्रीम खत्म हो गइल बा,લાઈવ સ્ટ્રીમ સમાપ્ત થઈ ગયું છે,लाइव स्ट्रीम खत्म हो गया,लाइव स्ट्रीम खत्म हो गया,ಲೈವ್ ಸ್ಟ್ರೀಮ್ ಕೊನೆಗೊಂಡಿದೆ, ലൈവ് സ്ട്രീം അവസാനിച്ചിരിക്കുന്നു ,लाईव्हस्ट्रीम संपली आहे,లైవ్​ స్ట్రీమ్ ముగిసింది,ଲାଇଭ୍ ଷ୍ଟ୍ରୀମ୍ ସରିଯାଇଛି,ਲਾਈਵ ਸਟ੍ਰੀਮ ਸਮਾਪਤ ਹੋ ਗਈ ਹੈ,लाइव स्ट्रीम खत्म हो गयो है,லைவ் ஸ்ட்ரீம் முடிந்தது ,لائیو اسٹریم ختم ہوگئی ہے,
internet_is_unavailable,Unable to connect. Is your internet working?,সংযোগ কৰিবলৈ অসমৰ্থ। আপোনাৰ ইণ্টাৰনেটে কাম কৰি আছে নে?,কানেক্ট করা যাচ্ছেনা। আপনার ইন্টারনেট কাজ করছে তো? ,कनेक्ट कइला में असमर्थ। का राउर इंटरनेट काम करत बा?,કનેક્ટ કરવામાં અસમર્થ. શું તમારું ઇન્ટરનેટ કામ કરે છે?,कनेक्ट करण मै असमर्थ। के थारा इंटरनेट सही काम कर रहा सै?,कनेक्ट करने में असमर्थ। क्या आपका इंटरनेट काम कर रहा है?,ಸಂಪರ್ಕಿಸಲು ಸಾಧ್ಯವಾಗುತ್ತಿಲ್ಲ. ನಿಮ್ಮ ಇಂಟರ್ನೆಟ್ ಕಾರ್ಯನಿರ್ವಹಿಸುತ್ತಿದೆಯೇ?,കണക്ട് ചെയ്യാൻ കഴിയുന്നില്ല. നിങ്ങളുടെ ഇന്റർനെറ്റ് പ്രവർത്തനക്ഷമമാണോ?,कनेक्ट करण्यात अक्षम. तुमचे इंटरनेट काम करत आहे का?,కనెక్ట్ అవ్వడం లేదు. మీ ఇంటర్నెట్ పని చేస్తోందా?,କନେକ୍ଟ କରିବାକୁ ଅସମର୍ଥ। ଆପଣଙ୍କର ଇଣ୍ଟରନେଟ୍ କାମ କରୁଛି କି?,ਕਨੈਕਟ ਕਰਨ ਲਈ ਅਸਮਰੱਥ ਹੈ। ਕੀ ਤੁਹਾਡਾ ਇੰਟਰਨੈੱਟ ਕੰਮ ਕਰ ਰਿਹਾ ਹੈ?,कनेक्ट करबा में असमर्थ। कांई आपरो इंटरनेट काम कर रियो है?,இணைக்க முடியவில்லை. உங்கள் இன்டர்நெட்  இயங்குகிறதா?,رابطہ قائم نہیں ہو پایا ہے۔ کیا آپ کا انٹرنیٹ کام کر رہا ہے؟,
request_declined,\@%s declined your request.,\@%s-এ আপোনাৰ ৰিকুৱেষ্ট নাকচ কৰিছে,\@%s আপনার রিক্যুয়েস্ট নাকচ করেছেন ,\@%s राउर रिक्वेस्ट के अस्वीकार कर दिहलन।,\@%s એ તમારી રિક્વેસ્ટ નકારી કાઢી છે.,\@%s नै थारी रिक्वेस्ट अस्वीकार कर दी सै।,\@%s ने आपकी रिक्वेस्ट को अस्वीकार कर दिया।,\@%s ನಿಮ್ಮ ರಿಕ್ವೆಸ್ಟ್ ನಿರಾಕರಿಸಿದ್ದಾರೆ.,\@%s നിങ്ങളുടെ റിക്വസ്റ്റ് നിരസിച്ചിരിക്കുന്നു,\@%s ने तुमची रिक्वेस्ट नाकारली.,\@%s మీ రిక్వెస్ట్​ను తిరస్కరించారు.,\@%s ଆପଣଙ୍କ ରିକ୍ବେଷ୍ଟକୁ ପ୍ରତ୍ୟାଖ୍ୟାନ କରିଛନ୍ତି,\@%s ਨੇ ਤੁਹਾਡੀ ਰਿਕੁਐਸਟ ਨੂੰ ਅਸਵੀਕਾਰ ਕੀਤਾ।,\@%s ने आपरी रिक्वेस्ट ने अस्वीकार कर दियो।,\@%s உங்கள் ரிக்குவஸ்டை  நிராகரித்தார்.,\@%s نے آپ کی ریکویسٹ مسترد کر دی ہے,
unable_to_update,Unable to install the update at the moment!,এই মুহূৰ্তত আপডেট ইনষ্টল কৰাত সমস্যাৰ সৃষ্টি হৈছে!,এই মুহূর্তে আপডেট ইন্সটল করা যাচ্ছেনা ,फिलहाल अपडेट इंस्टॉल कइला में असमर्थ!,હાલ અપડેટ ઇન્સ્ટોલ કરવામાં અસમર્થ!,फ़िलहाल अपडेट इंस्टॉल करण मै असमर्थ!,फिलहाल अपडेट इंस्टॉल करने में असमर्थ!,ಈ ಸಮಯದಲ್ಲಿ ಅಪ್‌ಡೇಟ್ ಇನ್ಸ್ಟಾಲ್ ಮಾಡಲು ಸಾಧ್ಯವಿಲ್ಲ!,ഇപ്പോൾ അപ്ഡേറ്റ് ഇൻസ്റ്റാൾ ചെയ്യാൻ കഴിയുന്നില്ല!,याक्षणी अपडेट इन्स्टॉल करण्यात अक्षम!,ఈ సమయంలో అప్​డేట్​ ఇన్​స్టాల్​ చేయడం సాధ్యమవడం లేదు,ଏହି ସମୟରେ ଅପଡେଟ୍‌ ଇନଷ୍ଟଲ୍ କରିବାକୁ ଅସମର୍ଥ!,ਇਸ ਸਮੇਂ ਅੱਪਡੇਟ ਨੂੰ ਇੰਸਟਾਲ ਕਰਨ ਵਿੱਚ ਅਸਮਰੱਥ!,इ मोमेंट री अपडेट इंस्टॉल करबा में असमर्थ!,தற்போது அப்டேட்டை இன்ஸ்டால் செய்ய  முடியவில்லை!,اس وقت اپڈیٹ انسٹال نہیں ہو پائے گا!,
download_upgrades,download upgrades,আপগ্ৰেড ডাউনলোড কৰক,আপগ্রেড ডাউনলোড করুন ,अपग्रेड्स डाउनलोड करीं,અપગ્રેડ ડાઉનલોડ કરો,डाउनलोड अपग्रेड्स,डाउनलोड अपग्रेड्स,ಅಪ್​ಗ್ರೇಡ್ಸ್ ಡೌನ್‌ಲೋಡ್ ಮಾಡಿ,ഡൗൺലോഡ് അപ്ഗ്രേഡ്സ് ,अपग्रेड्स डाउनलोड करा ,అప్​గ్రేడ్స్​ డౌన్లోడ్ చేసుకోండి,ଅପଗ୍ରେଡ୍ ଡାଉନଲୋଡ୍ କରନ୍ତୁ,ਅੱਪਗਰੇਡ ਡਾਊਨਲੋਡ ਕਰੋ,डाउनलोड अपग्रेड्स,டவுன்லோட் அப்கிரேட்ஸ் ,اپگریڈس ڈاؤن لوڈ کریں,
exceeded_charactor_limit,Exceeded Character Limit,শব্দৰ সীমা অতিক্ৰম কৰিছে,শব্দসীমা অতিক্রম করে গিয়েছে ,कैरेक्टर लिमिट पार कर गइल,અક્ષર મર્યાદા ઓળંગી,कैरेक्टर लिमिट पार कर गया,कैरेक्टर लिमिट को पार कर गया,ಅಕ್ಷರ ಮಿತಿಯನ್ನು ಮೀರಿ,ക്യാരക്ടർ ലിമിറ്റ് അതിര് കവിഞ്ഞിരിക്കുന്നു ,कॅरेक्टर लिमिट ओलांडली,అక్షరాల పరిమితి దాటింది,ଅକ୍ଷର ସୀମା ଅତିକ୍ରମ କରିଯାଇଛି,ਅੱਖਰ ਸੀਮਾ ਤੋਂ ਵੱਧ ਗਏ ,कैरेक्टर लिमिट ने पार कर गयो,எழுத்து வரம்பு மீறப்பட்டது ,کریکٹر کی حد سے تجاوز ہو گیا ہے,
pause_notif_header,Live Stream Paused ,লাইভ ষ্ট্ৰীম মাজতে ৰৈ গৈছে,লাইভ স্ট্রিম থেমে গিয়েছে ,लाइव स्ट्रीम रोकी गई,લાઇવ સ્ટ્રીમ રોકવામાંઆવ્યું,लाइव स्ट्रीम रोकी गई,लाइव स्ट्रीम रोकी गई,ಲೈವ್ ಸ್ಟ್ರೀಮ್ ನಿಂತಿದೆ,ലൈവ് സ്ട്രീം പോസ് ആയിരിക്കുന്നു ,लाईव्हस्ट्रीम पॉज केले आहे ,లైవ్​ స్ట్రీమ్ పాజ్​లో ఉంది,ଲାଇଭ୍ ଷ୍ଟ୍ରୀମ୍ ପଜ୍‌ ହୋଇଯାଇଛି,ਲਾਈਵ ਸਟ੍ਰੀਮ ਰੋਕੀ ਗਈ,लाइव स्ट्रीम ने पोज़ कियो गयो,லைவ் ஸ்ட்ரீம் இடைநிறுத்தப்பட்டது,لائیو اسٹریم روک دیا گیا ہے,
pause_notif_sub_header,Your Live Stream is still running and will be ended in 5 minutes if you do not return. Tap to get back to it now.,আপোনাৰ লাইভ ষ্ট্ৰীম এতিয়াও চলি আছে আৰু যদি আপুনি ঘূৰি নাহে তেন্তে 5 মিনিটত শেষ হ'ব। ঘূৰি যাবলৈ এতিয়াই টেপ কৰক,আপনার লাইভ স্ট্রিম এখনও চলছে এবং আপনি ফিরে না এলে 5 মিনিটের মধ্যে শেষ হয়ে যাবে। এখন এটিতে ফিরে আসতে এখানে ট্যাপ করুন৷,राउर लाइव स्ट्रीम अभी भी चल रहल बा अउर अगर रउवा वापस ना आइब त इ 5 मिनट में बंद हो जाई। अभी वापस लाइव आवे खातिर टैप करीं।,તમારું લાઇવ સ્ટ્રીમ હજી પણ ચાલુ છે અને જો તમે પાછા નહીં ફરો તો 5 મિનિટમાં પૂરું થઈ જશે. હમણાં જ તેના પર પાછા જવા માટે ટેપ કરો.,थारी लाइव स्ट्रीम ईबे भी चलण लाग रही सै अर अगर थाम वापस नहीं आते हो तो यो 5 मिनट मै खत्म हो जावैगी। इसपै ईबे वापस जाण खात्तर टैप करो।,आपकी लाइव स्ट्रीम अभी भी चल रही है और अगर आप वापस नहीं आते हैं तो यह 5 मिनट में समाप्त हो जाएगी। इस पर अभी वापस जाने के लिए टैप करें।,ನಿಮ್ಮ ಲೈವ್ ಸ್ಟ್ರೀಮ್ ಇನ್ನೂ ಚಾಲನೆಯಲ್ಲಿದೆ ಮತ್ತು ನೀವು ಹಿಂತಿರುಗದಿದ್ದರೆ 5 ನಿಮಿಷಗಳಲ್ಲಿ ಕೊನೆಗೊಳ್ಳುತ್ತದೆ. ಈಗಲೇ ಹಿಂತಿರುಗಲು ಟ್ಯಾಪ್ ಮಾಡಿ.,"നിങ്ങളുടെ ലൈവ് സ്ട്രീം ഇപ്പോഴും നടന്നുകൊണ്ടിരിക്കുന്നു, നിങ്ങൾ മടങ്ങിയില്ലെങ്കിൽ 5 മിനിറ്റിനുള്ളിൽ അവസാനിക്കും. ഇപ്പോൾ അതിലേക്ക് മടങ്ങാൻ ടാപ്പ് ചെയ്യുക.",तुमचे लाईव्हस्ट्रीम अजूनही चालू आहे आणि तुम्ही परत न आल्यास ते 5 मिनिटांत संपेल. आत्ता त्यावर परत जाण्यासाठी टॅप करा.,మీ లైవ్ స్ట్రీమ్ ఇంకా నడుస్తోంది మీరు తిరిగి రాకపోతే 5 నిమిషాల్లో ముగుస్తుంది. ఇప్పుడే తిరిగి వచ్చేందుకు టాప్​ చేయండి,"ଆପଣଙ୍କର ଲାଇଭ୍ ଷ୍ଟ୍ରୀମ୍ ଏପର୍ଯ୍ୟନ୍ତ ଚାଲୁଛି ଏବଂ ଯଦି ଆପଣ  5 ମିନିଟରେ ନ ଫେରନ୍ତି, ଏହା ଶେଷ ହୋଇଯିବ। ଫେରିବା ପାଇଁ ଟ୍ୟାପ୍ କରନ୍ତୁ।",ਤੁਹਾਡੀ ਲਾਈਵ ਸਟ੍ਰੀਮ ਅਜੇ ਵੀ ਚੱਲ ਰਹੀ ਹੈ ਅਤੇ ਜੇਕਰ ਤੁਸੀਂ ਵਾਪਸ ਨਹੀਂ ਆਉਂਦੇ ਤਾਂ ਇਹ 5 ਮਿੰਟਾਂ ਵਿੱਚ ਸਮਾਪਤ ਹੋ ਜਾਵੇਗਾ। ਹੁਣੇ ਇਸ 'ਤੇ ਵਾਪਸ ਜਾਣ ਲਈ ਟੈਪ ਕਰੋ।,आपरी लाइव स्ट्रीम अभी भी चाल रही है और अगर आप वापस कोनि आओ हो तो आ 5 मिनट में खत्म हो जावेगी। इ पे अभी वापस जाबा खातिर टैप करो।,"உங்கள் லைவ் ஸ்ட்ரீம் இன்னும் இயங்கிக் கொண்டிருக்கிறது, நீங்கள் திரும்பவில்லை என்றால் 5 நிமிடங்களில் முடிந்துவிடும். இப்போது லைவிற்கு செல்ல இங்கே தட்டவும்.",آپ کا لائیو اسٹریم اب بھی چل رہا ہے اور اگر آپ واپس نہیں آتے ہیں تو 5 منٹ میں ختم ہو جائے گا۔ ابھی واپس جانے کے لیے کلک کریں,
live_stream_paused,Live video\npaused,লাইভ ভিডিঅ' \n ৰৈ গৈছে,লাইভ ভিডিও থেমে গিয়েছে ,लाइव वीडियो रोकल गइल बा,લાઇવ વિડિઓ\nરોકવામાં આવ્યો,लाइव वीडियो रोका गया,लाइव वीडियो पोज़ किया गया,"
ಲೈವ್ ವಿಡಿಯೋ \n ನಿಂತಿದೆ",ലൈവ് വീഡിയോ\n പോസ് ആയിരിക്കുന്നു,लाईव्ह व्हिडीओ\nपॉज केले आहे ,లైవ్​ వీడియో/n పాజ్​లో ఉంది,ଲାଇଭ୍ ଭିଡିଓ \n ପଜ୍‌ କରାଯାଇଛି,ਲਾਈਵ ਵੀਡੀਓ \n ਰੋਕੀ ਗਈ,लाइव वीडियो\nपोज़ कियो गयो,நேரலை வீடியோ\nஇடைநிறுத்தப்பட்டது,لائیو ویڈیو\nروک دی گئی ہے,
tooltip_new_requests,See new live requests here,ইয়াত চাওক নতুন ৰিকুৱেষ্টবোৰ,নতুন লাইভ রিক্যুয়েস্টগুলি দেখুন ,इहां देखीं नया लाइव रिक्वेस्ट,અહીં નવી લાઇવ રિક્વેસ્ટ જુઓ,यहाँ देखो नई लाइव रिक्वेस्ट,यहां देखें नई लाइव रिक्वेस्ट ,ಹೊಸ ಲೈವ್ ರಿಕ್ವೆಸ್ಟ್ ಗಳನ್ನು ಇಲ್ಲಿ ನೋಡಿ,പുതിയ ലൈവ് റിക്വസ്റ്റുകൾ ഇവിടെ കാണൂ,येथे नवीन लाईव्ह रिक्वेस्ट्स पहा,ఇక్కడ కొత్త లైవ్ రిక్వెస్ట్ చూడండి,ଏଠାରେ ନୂଆ ଲାଇଭ୍ ରିକ୍ବେଷ୍ଟ ଦେଖନ୍ତୁ,ਇੱਥੇ ਨਵੀਆਂ ਲਾਈਵ ਰਿਕੁਐਸਟ ਦੇਖੋ,अठे देखो नई लाइव रिक्वेस्ट,புதிய லைவ் ரிக்குவஸ்டை இங்கே பார்க்கவும்  ,نئی لائیو ریکویسٹس یہاں دیکھیں,
tooltip_send_request,Tap to join Live,লাইভত জইন কৰিবলৈ টেপ কৰক,লাইভ জয়েন করতে ট্যাপ করুন ,लाइव जॉइन करे खातिर टैप करीं,લાઇવ જોઇન કરવા માટે ટેપ કરો,लाइव ज्वाइन करण खात्तर टैप करो,लाइव जॉइन करने के लिए टैप करें ,"
ಲೈವ್‌ಗೆ ಜಾಯಿನ್ ಆಗಲು ಟ್ಯಾಪ್ ಮಾಡಿ",ലൈവ് ആകാൻ ഇവിടെ ടാപ്പ് ചെയ്യൂ,लाईव्ह जॉईन करण्यासाठी टॅप करा ,లైవ్​లో జాయిన్ అయ్యేందుకు టాప్ చేయండి,ଲାଇଭରେ ଜଏନ୍ କରିବାକୁ ଟ୍ୟାପ୍ କରନ୍ତୁ,ਲਾਈਵ ਵਿੱਚ ਸ਼ਾਮਲ ਹੋਣ ਲਈ ਟੈਪ ਕਰੋ,लाइव जॉइन करबा खातिर टैप करो,லைவில் சேர தட்டவும் ,لائیو میں شامل ہونے کے لیے کلک کریں,